dataset;expressao;mmre
1;'((((x - 6.0) / 0.375) - 6.0) - 8.0)';0.20598692783297012
1;'(((x + (x + (4 * ((-6 / (x / (2 / (0.5 / (5 * x))))) / (2.0 + x))))) * 5.0) / 4)';0.21005825720777271
1;'((((((-5 - (x / -7)) + x) + x) + ((-1 + x) / 4.0)) + ((-1 + (x - 2)) / (3 - (-1.3333333333333333 + (15.0 / (x * -5)))))) + ((((x - ((8 / ((0.5 * ((12.0 + (1 - x)) - -8)) + 4)) * (x - 5.0))) * ((8 * x) / x)) - 1.0) / ((x * 6) / -1.5)))';0.20928597039391222
1;'((((((x * -9) / -3.5) - -4) - 24.0) - (x * ((((((-0.8888888888888888 / ((((4 + x) - 8.0) - ((x - 3) - (x - 6))) - 8.0)) / -9) * (7 * (x - (x - 2.0)))) / 2.25) + ((((-6.25 + (x * 12.0)) - 1) - x) - x)) / (x * -72.0)))) - 8)';0.2047944159500225
1;'((((x + ((((x / (-4 * x)) - (((((((((-3 + x) + 6.0) + ((7 - ((-7 - x) - -7)) / x)) * -1) - (-5 - x)) - 9.0) / (((-6 - x) - 3.0) * -2.0)) - 4.0) * 3)) * ((-3.0 + x) + (x + 7))) / x)) + (8.0 - ((6 * (((x / 9) - -104.0) / 8)) - 6.0))) + x) + x)';0.2061512728040737
1;'(((((x - (5 / (8 / x))) - 3.0) + (((-5 + x) + x) - 13.0)) - (x / -4)) - 6)';0.20892083971875255
1;'((((5 / (9 / x)) - 1.0) - ((-24.0 / ((x / 6) * x)) + (2 * (((-0.6666666666666665 * ((5 - x) * 5)) * -4) / 13.0)))) - (-63.0 * (-5 / x)))';0.20762663877422374
1;'(((((15.0 - x) / -1.2222222222222223) * 3) + ((-1 / ((-4 / (-12.5 / (3 + ((1.0 + (x / ((x - (6 * ((x / (((-8 - x) - (((-8 - (((1 + (-1 * x)) - (((3 - x) * (-3 * ((((((x + 5.0) / x) - x) * 4) / (x + (((-1 - x) * 8) - 1.0))) + 7))) / 9.0)) - -1)) / ((((-2.6666666666666665 - (x - (4 * (-4 + (-4.0 * (9 / (-2 - (4.0 + (((((x / 17.0) + x) + (x / -2)) / (((7 - (-5 - x)) * (x * (8 - x))) - 108.0)) - x))))))))) / (5 - (((-1 / (-8 + x)) / ((3 * x) - 7.0)) * -7))) - -651.0) - -7.0)) - (x * 7))) * -2)) * (((-2.0 / x) * (2 / x)) / 3)))) / 7))) / -6)))) * (4 * x))) + 0.018518518518518517)) + (((-5 - (-7 * (6 / ((((-12.0 - ((((((x * -2.0) + 9) * ((((-6 + (((-5 - (-7 - x)) - -8) + 6)) + ((21.0 - (-5.166666666666667 + ((x + 1.0) - -6))) - (((((-7.0 / (-24.0 / (-9 - (x - 6)))) + 7) * -9.0) - -9) * (x * 4)))) + x) / 4)) - (-1 - ((-8 * x) - -2))) * 4) / 3)) - 4) + (x - ((6 * x) - (x - (((2 / (9 - (0.8333333333333334 + ((x - 6) + 4)))) + ((x / ((-144.0 / x) - 8.0)) + (-9 - (((x + 2) - ((5 / x) * -1)) + (((12.0 - (13.0 - (x / 6))) / -1) * (x * (x * -9))))))) - -6))))) + x)))) + x) / 2))';0.20799272735964852
1;'(((x + (((((((6 + x) / x) * (x + (((-5 / x) - 9.75) - (5 + ((2 * (x * x)) / ((-2 - (((((x * 4) / 8.0) - -1.5) - -1) - (7 * x))) + x)))))) / 3) - (9 - x)) + (3.0 * (-6 + x))) * 0.125)) + x) - 9)';0.2183394604015476
1;'((((((x - (x / -7)) + (x / 2.6666666666666665)) + (2 + x)) - 8.0) - 5) - (((((x / -3) - 72.0) - -7) - 3) / ((-2 * x) - -9)))';0.2187150357182826
1;'((((((-7 + (x - 8.0)) + x) - ((x + ((-6 * ((-36.0 - (x - 1)) * (x / -3))) + (x * x))) / ((11.0 * ((((x + x) - 8) / (5.0 / (1 + x))) / -3)) * ((-1 + x) - 5.0)))) - 14.0) - ((x / -6) * 5.0)) - 8.0)';0.20439603496086622
1;'(((((x - 9.0) + x) + ((9 + x) - 48.0)) - -6) + ((7 / x) * 0.6666666666666666))';0.20993877227914068
1;'(((-35.0 + (((-8 / x) - (x / 4)) - -2)) + (x * 3)) + ((((-9 - x) / 5) * 5) / (((-6 / (x * 6)) + ((((x + 1.6) * -0.5714285714285714) - (-4 / (9 - (1.3333333333333333 + ((-8 * x) / 2))))) - -6)) + ((-5 * (((-8 / x) + 1.0) - 27.0)) + (-9 / x)))))';0.20042379649791212
1;'(((x * 3) - -4.0) - 45.0)';0.20978071017955513
1;'(((((x / -6.0) + x) + 9.0) + (x - 42.0)) + x)';0.20648621392119385
1;'((((-9 + x) * 3) - 6) - (x / 4))';0.2013042037606856
1;'((((((x / -7) + (9 + ((((-8 - (-5 * ((x / -15.0) - 2))) / ((((23.333333333333336 + x) - (-9 - x)) - -5) + ((3 / (((-2 / x) - 6) - 5)) - (((6.75 * (9 + (41.0 * ((x - 8.0) / ((((x - 1.0) * -0.2857142857142857) + x) * -3))))) + ((x - 62.0) + 1)) + x)))) * 2.2) + x))) - 1.0) - 44.0) + x) + x)';0.20422806744984778
1;'((((9 * ((x - 6.125) / 2)) * 0.6) - 6.125) - 6.125)';0.20498721522633698
1;'(((-1.0 - (3 * (x * -1))) - 40.0) - ((((-4 * ((x + 1.0) / -16.0)) * ((-10.666666666666666 / ((-0.3333333333333333 - (-5 / (((x + 9.0) / (-9.0 + (((2 * (9.0 / x)) * x) + 3))) + x))) * 2)) - x)) / x) * -0.4666666666666667))';0.20517644916887412
1;'(((-0.16666666666666666 * (-8 * (((((((x / (x * 2)) - 4) * -10.0) + 8) / -7) + (x + (1 / (((((-2 / x) - 5.0) / 28.0) - ((-2.5 + (2 - (((-3 - ((((((x + 5) * 7) - 3.0) + (x / -8.0)) / -1.125) + x)) / (((((((x + 7) + 4) - (-9 / x)) - (x * -5.0)) - 3) * 2) - 5.0)) * ((48.0 + ((x + 9.0) / -2)) * 5)))) - (((8 + x) - 14.0) / -7))) - (5 * (-2.0 + ((8 * x) * (-5 * x)))))))) - 6))) + x) + ((((((x / -1) * x) / (-5 - ((x * -3) * (-3 - ((-3 / x) - -6))))) + (-4 + x)) - 3) / 5.291666666666667))';0.21783223500894358
1;'(((x - 15.0) - ((6 * x) / -4.0)) - ((((((x / -5) - -7) - -90.0) / (-8 + (x / (2 + (x / (3 + ((-2 * (x - 5.0)) / -8))))))) / -5) * -2))';0.20678092430315073
1;'(((((x - 8.0) - 7.0) / 0.5714285714285714) + x) - 7.0)';0.20114481935011946
1;'((((((2.5 + (-9 / x)) * ((x - 1) - 2.0)) + 0.02) - 4.0) - (-54.0 / (((x * 7) + (112.0 / ((x + 13.0) / (-7 * x)))) / x))) - 1)';0.19888932261100503
1;'((((((-3.0 + (x - 8.0)) - (1 - ((x * 6) / 8))) + x) - 8) - 1) - 8.0)';0.20508316603621343
1;'((((((2 * x) - 18.0) + x) - (x / 6)) - 18.0) - -0.21428571428571427)';0.20347971046051438
1;'(((0.05555555555555555 * (22.0 * x)) + x) + (((-49.0 + ((-4 / x) - 4.0)) + x) / 3))';0.21561695585062962
1;'(((((7 - x) - -4.5) / -0.33333333333333337) - (((1.0 / (7 + (1 + (((((((5.0 / (10.0 / (x - 4))) - 8.0) / x) / 8.0) * (2 - (-3 - (2 / (7 / x))))) * x) * (0.26373626373626374 / (4 * (-7 * (-1.0 - ((6.428571428571429 / ((x / -2) + x)) * (((2 / x) * -14.0) * ((-8 * x) - -35.0))))))))))) / ((3 + ((-2 + ((-8 + x) - 12.0)) / 4)) - 7.857142857142857)) - (x / -7))) - ((x / 3) / 8))';0.2033694665085059
1;'((((((((((108.0 * (1.0 - (-8 - (54.0 - x)))) / x) + (1 - (5 * x))) - -1.0) / 28.0) + x) - 2.25) + x) + x) - 36.0)';0.20326331346088222
1;'((((1.0 / (1.125 / (((x - 9.0) / (x / ((-5 + (((x * -13.0) / 6) / -172.0)) - (x / -6.0)))) - (24.0 - ((((2 / x) / -3) / x) - 2.5555555555555554))))) + x) + x) + (3 - ((7 - x) / 2)))';0.20733864022288473
1;'((((((x + 2) / -4) + x) + ((x - (-5 / x)) - 16.0)) + x) - 16.0)';0.20190091322705844
2;'(((-13.0 + ((((-5 * x) - x) / -6) / 6.0)) / 6.0) - 3.0)';0.470643372402378
2;'((-5 + (2 / (((9 / x) * 2) * (((x - ((-3 + (-7 * x)) - 1.0)) / (2 * x)) - ((x + 9.0) / x))))) - 2.0)';0.45349180114126364
2;'(((-6.0 - ((x + (-0.15384615384615385 / x)) * -2)) - 360.0) / ((3 - x) / -5.0))';0.6071295422182194
2;'(((((19.666666666666668 * (x * -9)) / (((((((-3 - x) * ((-4 * (x + 4.0)) / -9)) + 5) + (x * (4.0 + x))) / 4) - (x + 7)) * (((-10.0 - x) / (((1 - (((((-12.0 - x) - 7) / (x * ((-9 * x) * -312.0))) * x) - 7.0)) * (-8 * ((x * (-1 - ((1.0 / x) - (x * -8)))) / ((x + 1.0) - 8.0)))) / -0.07608695652173914)) - -7))) + 3) / (-9 * (-7 * (3 / x)))) - 1)';0.601809164299655
2;'((((-42.0 + x) / 48.0) - 1.0) - 1.0)';0.5290140583135295
2;'(((((x + x) / 83.25) - 2.0) - 2.0) - (8 / (6.0 - (x / -5))))';0.47561063638349665
2;'(((-5 + x) / ((x / (1.125 + (((-9 / (((((5 / x) / 3.0) / ((x / -6) + (-8 * ((4 * (8.0 * ((-8 + (5 * x)) * -3))) * (1 + x))))) * -7) - 4.0)) * 2) * -33.0))) + 50.0)) - 2.0)';0.5199952239656984
2;'((((x - (x / -3.2)) / 63.0) - 1) - 1)';0.5478155765703712
2;'(((((x - 64.0) / 68.0) + (x / 72.0)) - 3.0) - 0.8571428571428571)';0.46150624146702546
2;'(((x / 25.0) - 7.0) - 0.42857142857142855)';0.47387221553919845
2;'((((-52.0 - ((-2 - x) + 36.0)) + 7) / (4 / ((x / 9) / (x + (((3 / (x + (x - 8))) / (-12.0 * x)) * x))))) - 3.0)';0.47448469670458865
2;'((((-0.6666666666666666 * (-1.5 * ((x * x) - (((9 - (-4 + (x / -3))) + (6.0 + x)) / x)))) / (48.0 * (x + 27.0))) - 0.8571428571428571) - 2.0)';0.5238038603994287
2;'((((8 * x) / 405.0) - 1.25) - 2.0)';0.5369667216041901
2;'((((x + ((7 / (((x * (((0.3333333333333333 / ((-5 * (-4 + x)) + 4.0)) / (x / 2.2857142857142856)) / -8)) * (-4 - ((((6 + ((2 / (-3.0 + ((16.0 + (x - (x + 7))) * ((x / -6) + (x - (-8 / x)))))) - -3)) - 7.0) - 8) - (-1 - (3 / x))))) - 8)) + (x - (((11.0 / (x + (-4 + (-1 + x)))) * (((2 * ((-9 + (x / (x / 3))) - -1)) * (((1 + ((((9 * ((x * -7) / -5)) / -2.0) + (x + x)) * -5)) * -0.2222222222222222) / x)) - (-2 - (-8.0 - (x + ((-56.0 - (-3 - (-2.3333333333333335 * (((-5 * (-7 - (-5 + (-3.0 + ((-9 * x) * (3 * ((-6 - x) - x))))))) / (5.545454545454546 + (8 + ((x * (x + 6.0)) + (((((x / -1) * (((-4 * (((((((x / -11.0) + ((5 - ((x + 2.0) - ((1.125 + (3 - ((x - (-1 * ((((((-1 - ((9 - (x / -7)) + (((x - 6) + ((-24.0 + (-1 - x)) - 28.0)) / ((x / -1.0) - 7.0)))) + ((-3 / (4 * x)) + (5 * (((-48.0 / (x - 8.0)) + (x * -15.0)) - 9.0)))) * -7) - -8) / 0.1111111111111111) + ((((2 / (-1 * x)) / (x - 2.0)) + (5 + (x / -4))) + (-2.0 * ((x + 1.0) * (4 / (0.75 / x)))))))) + ((x + 8) + (3 * x))))) - -3))) - -5)) - (-4 * (x * x))) + (7.0 + (x + 6))) / ((-3 * ((-8 - ((-1 - x) * 1.5)) * -2.0)) + (x * x))) - -6) - ((x / -1.6) / -13.0))) / 38.0) * x)) - 7) + ((-6.0 / ((((-5 * ((x - (-9 - x)) / 9)) * -6.0) - 9) + 9)) * -2)) / -2))))) / ((x - 8) + x))))) + (-4 * x))))))) - x)))) / 128.0) - 2.0) - 2.0)';0.48055920551889975
2;'(((x - 11.0) / (25.0 + ((x + (-3.6666666666666665 + ((((-8 - x) * -2) + ((x + 3.0) / (x - 3))) - 9))) / (x - 9)))) - 6.0)';0.45306381698903764
2;'((((((x + ((((-6 / x) - -48.0) + 2) / -9)) / 121.0) - 1.0) * 2) * 2) - 2)';0.44699862289542225
2;'(((((((-10.4 + x) / 88.0) / 0.625) - 1.0) - ((9 + x) / ((x / 9) + x))) / 0.625) - (((x - 2) + x) / ((x / 9) + x)))';0.4478793121523121
2;'(((((x - 20.0) + x) / 77.66666666666667) - 2.0) - 2.0)';0.4740835071409202
2;'(((-64.0 + x) / 7.0) / 7.0)';0.5797289241632028
2;'((((x / 4.0) / 10.0) - 3.0) - (-9 * ((-5.0 / x) * 7)))';0.46403054573025004
2;'((x / -4) / (-30.0 + ((((7 - ((x * ((-1 - x) - -1)) / -5)) / -7.0) / x) * 0.5)))';0.5856733354379954
2;'(((((-3.0 - x) * (-4.444444444444445 / ((((x * 1.25) - (x + 1.0)) - 2.3333333333333335) * ((x - 7.0) / -8.0)))) + ((x - (x - (x / -9))) / -7)) - -0.6666666666666666) - ((2 * x) / x))';0.5793286135453011
2;'(((((-6 - x) / -6.0) + x) / 40.0) - 5.0)';0.4565606830174467
2;'((((x / -9) - ((x / ((((x * (-3.0 * (x * (((3 * x) / (-6 + (-2.0 * ((x - 4.0) / x)))) / -6.0)))) * ((x + (18.0 * (((-3.0 * (-8.0 / (-3 + ((7 / (0.25 * (8 * (x + (((x + 1) - 7) - x))))) + 9)))) + (((x * -5) - 6.0) + 2)) * ((4 / (-2 + (6 - ((x + 0.3076923076923077) - 2.3333333333333335)))) - (((120.0 / (x / -0.4)) + 9) * (x / (9 + x))))))) / 4)) / (3 / x)) * 72.0)) - (((-6.0 / x) * -9) * 58.0))) / -9) * 1.5714285714285712)';0.489472793350889
2;'((((x * (-1 / ((x / -6) - -7))) * (((-88.2 - ((-2 / (7.0 + (x * (-5 - (-8 * (x / (-5 / ((((-4 + ((((-5.0 * ((((-4 - x) + (4 / (-8 * (((-5 * (x - 7.0)) * 8) / (x - 9))))) * (x + 4.0)) * ((8 * x) - 8.0))) / x) + 6) / ((3 * ((2 / ((x + ((4 / (((-4 + x) * -5) - 1)) * 189.0)) / -2.0)) / 2)) * (5.0 - ((x * (x - 1.6666666666666667)) - 88.0))))) / 60.0) - -7) / x)))))))) / 4)) - (x * -8)) / -2)) / -1330.0) - 2)';0.5899376655074569
2;'(((((x + (-7 * (-5 + x))) / -288.0) - 1) - 1) - 1)';0.5255090056648991
2;'(((((-1.0 + ((x / 8) + x)) / 48.0) - 1.6666666666666667) - 1.1428571428571428) - 1.0)';0.4892039488899957
2;'((((x - ((((x + 7.0) - -9) + 1) - x)) / 52.0) - 1.0) - 2.0)';0.5422962285174663
2;'(((-0.5 / x) - ((-9 + (x / 17.0)) / -4)) - ((-9 + (x / 17.0)) / -4))';0.47697370848644577
2;'(((((6 + (-1.8 + (x - 9.0))) - (((-9 / ((x + ((-28.0 - (x * -9)) * -8.0)) - -8)) / 5) - x)) / 47.05714285714286) / -45.0) * ((x + 7) / -36.0))';0.4541633433247849
3;'(((2.4 + (x - (-1.3333333333333333 / (6 + ((-8 / x) / (((((x / -1) - x) * (5.0 + x)) - ((-8 - (x - 106.0)) / -9)) - 8.0)))))) + 0.18367346938775508) + (x / 19.0))';0.26088747937629425
3;'((((x + 15.0) - (((-8 / x) / x) * -6)) / x) + x)';0.26223598604948106
3;'(((x + 1.5238095238095237) + 1.0) + 0.37037037037037035)';0.26257806094567726
3;'(((x - (3.5 / (x - 8))) - -2.0) - ((0.047619047619047616 / (-4 / ((-2 - x) / (-1.0 - (((-5 * x) / ((x - 1.0) - 7.0)) / -7))))) / (x - ((61.0 * (((x * ((-8 * ((x - (8 - x)) / ((x - (x + x)) - 7))) - 3)) * ((((x * 4) - 73.0) - -7) / 7)) / (8 + ((9 + (((5 / (x - 2)) + x) * (4 * (((x * -9) - 5.0) * -5)))) / x)))) - (((-9 * x) - 2.0) / (((-5 * (((x - 1) - (9 / (((-6 - ((-1 + ((((-1 + x) / 8) * -3) * (-2 / x))) / (-5 - x))) + (((x + 9) + (x / -1.0)) / -3)) / x))) - -8)) * -2) * ((-0.75 / (x / -7)) - 8)))))))';0.24849686173507765
3;'((((x - 2) - 4.0) + 9) + (-7 / (56.0 + (x * (-1 * ((((-0.8333333333333334 - x) - (-1 / (4 / (x * x)))) / -5) - (((-2 + (9 - x)) / (-12.0 + (-1 - (-5.0 / (6 / x))))) / -1)))))))';0.24941522406890038
3;'(((x - 6) + 9) - ((-1.2857142857142858 + (-2 - (1 - ((-1.0 * ((-3 - (5 - ((x - 9.0) + (x / 9)))) + (-9 + ((x / 2) + 31.6)))) / x)))) / (-55.0 + x)))';0.24624775878136193
3;'((((3.125 - ((x + (x + (x - 85.0))) + (-9 / (-7 - (-7 / (-2 / (x / -7))))))) / -78.0) + x) + 4)';0.25908482647347086
3;'((((4 / x) + 1.0) + (x - ((x / ((x + ((x - 4.0) / (7 * x))) * x)) / 16.0))) - ((x / -2) / 16.0))';0.2591996193394613
3;'(((((2 + x) + (-5 / ((6 - (-6 - ((((8 - x) - 0.0030581039755351682) + x) * (x / ((6 / ((5 * (((((-8 / ((x - 5.0) / -2)) / 7) / -4) + 1) * -4)) / ((((x / ((((x - 1.0) - 3) - (1 - x)) * 4)) / ((7.0 / x) * ((-4 * (8 + x)) / -4))) * -2) + 8))) - 7))))) * 7))) / x) + x) + 1.0)';0.2504589262166312
3;'((3.0 + x) + (-1.0 / ((9 - x) + (1 + ((-1 + ((-8 / x) + x)) / (x * (x * 5)))))))';0.2419046856801227
3;'((x + 1) + (4 / x))';0.26201016251512343
3;'(((2 + x) + ((-2 / (x * x)) / ((-9 * x) - x))) + 0.8888888888888888)';0.262623993602837
3;'((((3.0 + x) / x) + x) - (7 / (9.0 - (x * (x + 9.0)))))';0.26230026834743275
3;'((((((x * 2.0) - x) - 1.0588235294117647) + 1.0) + 1) + 2.0)';0.26291349543645726
3;'(((x + 4.0) / x) + x)';0.26201016251512343
3;'(((x + 3.0) + (((((-7 + x) - 8.0) / (-5 / (x / (5 - (-9 / (((x - 6.0) * 3) + 2)))))) * -6) / 294.0)) - 0.034013605442176874)';0.25922840694361765
3;'(((x - 0.15) + 3.0) + (6 / ((-8 + (-9.0 / (((((7 / x) / ((((4 - ((-8 / (7 - (x + 1))) * 2)) / -7) * -6) + (((x + 6) / ((((-3 / (((x + 9) * -1) - (x / ((((508.0 - x) / (4 * ((-45.0 / (x * -4.0)) / -7.0))) * x) / x)))) - x) * 3) / -1)) / 4))) * (x + 108.0)) * ((x / -6) / 6)) * (x - 4)))) * -10.0)))';0.25353735547310347
3;'(((5 - ((5 / (1 / (x * x))) / (-5.0 * (x + (-7 * (x / -8)))))) / x) + x)';0.2628824453974586
3;'((((4 + x) - 1.0) - ((1 / x) / (9 * x))) - ((1 / x) / (((-6 + x) - 2.0) * ((1 - (((4 + x) - 5.0) / 3)) + 2))))';0.25648369903561025
3;'((((1 - x) + x) + x) + (4.0 / x))';0.26201016251512343
3;'(((x - (((2.0 + (16.0 / (7 - (x - 3)))) * (6 / x)) / 24.0)) + 3.0) - ((1.0 - x) / 24.0))';0.24834361019394713
3;'(((((x - 0.3333333333333333) / ((((-2 + (x * ((-9 * ((-8 - ((x - 5.0) - 1987.0)) / (2.5925925925925926 + ((((x - ((x / (-4 / (9 * (5.0 * ((-1 / x) / (0.0 - ((-5 - x) / -16.0))))))) - (-1 / (5 - x)))) * (x * 2)) + 7) + (((x / -3) - 3) - x))))) - 8.0))) - ((((9 * (x - 2)) / 8) * 10.0) - (x * 63.0))) * -1.3333333333333333) * 0.3)) + x) + 2) + (2 / x))';0.25925861061395084
3;'(((((((x + 2.0) - 0.018518518518518517) + 1) - 0.018518518518518517) - 0.018518518518518517) - 0.018518518518518517) - 0.018518518518518517)';0.2625795380585743
3;'(((2.0833333333333335 / (0.0 - ((((-4 / ((x + (10.0 / x)) / 8)) - -3.0) * ((9 * (x * (7.0 / (6 + ((x * (-0.7777777777777778 * x)) * -9))))) - 8)) / ((1.5 / (x * ((x * 4) / (7 * ((x * 5) - 2.0))))) / -5)))) + x) + 3.0)';0.235675145735373
3;'(((x - 7) + 1) + 9.0)';0.2634952276430922
3;'(((2.0 + x) + 1.0) - (((x - 1.0) / (4 - (-1 + (-1 + (x / 9))))) / ((x - 4) - -5)))';0.25955977260915103
3;'((((-3 + x) + (x - ((2 * x) + x))) / -14.0) + ((5 / x) + x))';0.2593205044656617
3;'((2.903030303030303 - ((-0.10588235294117647 / ((5 / x) / 2.0)) - x)) + (((9 * x) / (x - 73.0)) / -15.0))';0.25032664718821085
3;'(((3.0 + x) - (((x / -10.0) / 0.3333333333333333) / (-0.47619047619047616 * (x + 9.0)))) - (((x / -9) / 0.3333333333333333) / ((((x - 10.0) + (13.0 - (x - 9))) - 7.0) - -3)))';0.26112437315136927
3;'((((((((x / -14.0) * (2 * x)) / ((((x + x) / x) - x) - -8)) + x) + (x * (1 - (-7 / (9 * x))))) / x) + x) + ((x / 5) / (((x + 1.0) / -2) * (x / (0.0 - (1.5 + x))))))';0.23430046751240458
4;'(((((x * (((1 + x) - (-3 / (((x / (x - 5)) + ((x - 6) / (x * 7))) * -1944.0))) * (((((((x / -3) + x) * 2) / -17.0) * 5) + (x + 0.5)) + (x + ((((-9 / x) - ((-6 * ((-6 - ((-3 - (((((x + 6.0) - -9) - 2) - 6) * 72.0)) * 4)) * (((((((3 / (-4 * x)) / -9) * 2) - -6) - 1) * 4) * (9 + x)))) * -9.5)) / ((x - (((((-4 - x) - ((x - 19.0) * (-15.625 + (1.0 / ((4 + x) - 9))))) * 5) + x) / (-3.0 * (5 + x)))) / (((-1.1428571428571428 / (-7 - (((((((-9 + x) + 35.0) * x) / x) - (-7 + x)) * (-8 - (-8 - (5 + (x - (9 + x)))))) - 10.0))) / (7 * x)) / (6 / x)))) / -4))))) / ((4 * (x / (-7 / (9 - x)))) + x)) * -1.8) + ((x / -6) * (x / 3))) / (-1.6666666666666667 * (((((5 * (x / 3)) * x) + x) / x) - (x * -9))))';0.45238815685780975
4;'(((((((x - (8 - x)) * -0.4) - -0.06857142857142857) / (8 / (x + 8.0))) * (9 / (((3 * x) * -64.0) * 5))) + 4) - (-6.0 / (x / 9)))';0.7416691728700494
4;'(((9 / x) + (12.0 - (x * x))) / (-96.0 * (56.0 / (8 / (-3.0 + ((1.0 - (x * -5)) / (((6.0 * (x + 1.7142857142857142)) / ((-4 - (((((7 * (-1 - (-6 + (6 * ((-2 * (9 * (-3 * ((7 * (((x / ((x - ((((((x / -9) / (-2 * (x / -9))) / 2) + 16.0) * (x - 16.0)) / 2.4285714285714284)) + x)) / (8 / (-7.0 * x))) / (x / 3))) * -4)))) - x))))) + 6) + (-8 + x)) / -8) / x)) * (6 * x))) - -10.0)))))))';0.4590165705453731
4;'(((((((((-4 / (x / -7)) * 6) * ((-1.0 - (x / (x + (x + ((-1 / x) - 2.0))))) - (x + 1.3333333333333333))) * -3) / (5 - x)) + 1.0) + 10.0) + 5.0) - -30.0)';0.7565457584531492
4;'(((-4 / ((((-2 / ((5 / (-3 + ((x + (((3 + x) + 1.0) * -8)) / ((7 * (-11.0 * x)) - 3.0)))) / (((((-1.0 * x) / 9.0) + x) * ((-6 / (-42.0 / (x * (9 / x)))) + (24.0 / (7 / (-3 * x))))) * ((4 - ((-17.0 / (4.0 - x)) - 8)) * -8)))) + x) / -1) / (((-30.0 * (7 + ((x / (((-9 + (x / ((-3 * (((x + 3.0) * 3) / (((((7 * x) * x) - ((-4 / (-86.0 - ((-8.0 / x) + (8 * x)))) - ((x * 7) / (8 - (7 / (-3 + ((x * -0.7142857142857143) - 8.142857142857142))))))) - (x - 8)) - 0.42857142857142855))) - (x * 48.33333333333333)))) + (-3 / x)) - ((((x * -8) + (x * x)) / ((x - 9.0) + (-21.0 * x))) / -9))) + x))) - -7) / 6))) * ((((x * x) / 7) / 8) * -9.0)) + (3.0 / (x / -41.25)))';0.4588022733967606
4;'((x / 297.0) + (10.666666666666666 / (5 - (((1 - (x / ((((((-3.0 / (7 + ((2 - ((-28.0 / x) / 4)) / x))) * (((16.0 * (15.0 / ((11.0 - ((8 + ((31.0 - ((x * -1) / (((((-9 * (((x * (((2 / (9 / (-2 * (0.6666666666666666 + x)))) - -8) + (x / 7.0))) * ((7 * (-6 - (x + (-6 - x)))) - ((x - ((x - 9.0) - 3)) - 7))) + (((x * -4) - 4.0) / 4))) + (x + 7.0)) / -8) - 7.0) + ((x / 8) - 2)))) * 9)) * (x * -6))) + (x / 6)))) + 14.0) - 3.0)) * (1.0 / x)) / -9) * 2.0) - (5 * (-4 - x))))) * (4 + x)) + (-8.0 / x)))))';0.461518776663853
4;'(((0.14285714285714285 + x) / ((9 * x) / (x / 31.5))) - 6)';0.4519685447732157
4;'(((x / 3.0) * -1) / -108.0)';0.45981894842060744
4;'((((0.14285714285714285 - (2.4 / (x / (117.0 - x)))) + 42.0) - (2.4 / (x / (117.0 - (-53.0 / ((x + 4) - -8)))))) - (2.4 / (x / 120.0)))';0.7563283295099086
4;'((-3 - (((-8 / x) + 1) * (x + x))) * -0.001388888888888889)';0.4647338340289339
4;'(((0.0 - ((((x / -7.0) / 44.0) * x) / x)) + (-4 - (7 / ((x - (15.0 + x)) * 7)))) - -0.6428571428571429)';0.4507700763294922
4;'((((((7 - (-5 / x)) * -16.0) * 28.0) / x) + 20.0) + 24.0)';0.7547505947892511
4;'(((6 - ((((((((-9 + x) - (x - (((-1460.0 - ((((x * 2) / -5) - 7.0) * (((5 + (-9 * x)) / (x * x)) / (5 * (((-24.0 * (((2 - x) / 2.0) / -1.0)) * ((x / ((((((((70.0 - ((8.0 / (9 + ((((-3 - (-45.0 * (3 * (x / -5)))) - x) - ((((((((((((x + (1.2 * ((x * 3) / -7.0))) - (((-7 * (x + 7)) * 4) - -0.5)) * x) - 5.0) + ((-4 * x) * x)) - -8) - ((-6 - (5.5 - x)) * ((x * 5) * -4))) / -3) - (((-3 + (0.6 - (-3 + (((x / 2.0) * 3) / -2)))) * x) / ((-16.0 + ((5 - x) + ((8 * ((x * (5 - x)) - -0.4444444444444444)) * (x - 21.0)))) + 5))) - (-8.0 + (-0.8333333333333334 - (((x * -7) + ((-5 * (x / -8)) * (x * x))) + (((2.0 - ((7 - x) + (-2 + x))) - 5.0) - -8))))) / -8) / 3)) - 16.0))) / (x * -48.0))) / (-7 - (4 * (((56.0 * x) * 8) / ((-4 - x) + ((((((((((((-2 - (x / 7)) - 7.0) - (x / -9)) - -2) * -9) / ((2 + (((x + 9.0) / ((((-1 * x) - (((-3.0 - (-5 / x)) * 5) * 5)) / ((((9.0 / ((3 + (-8 / x)) + ((-7 / x) + 3.0))) - (-9 * ((x - (x * 8)) + x))) + (((3 - ((8 - x) / x)) * 0.5) - -4)) * 3)) - 1.0)) - ((x * (4 + (x * x))) / -6))) + 2)) + ((((((9 * ((((-4 * x) / ((36.0 * x) - 6.0)) - (-4 * x)) * x)) + (x - 14.0)) - 4.0) - (((-4 / (x + (((x / 2.0) * 9) / -5))) + 2.0) - x)) - -72.0) * -9)) / ((7.0 / ((-7 * (((((((7 - (x / (3 * x))) + (5 * (x * (-7 / x)))) / (((x / 3) / x) * -5)) / ((3 + x) + (((((-1.6666666666666667 / x) - ((-8 + x) - x)) - (x - ((-5 - x) + 7.0))) - ((6 * x) - (-2 / x))) + (((27.0 + (8 * (x + 3))) * ((15.0 / (x * 6)) - x)) / -0.7777777777777778)))) + 1) + ((((-7 + (((12.0 / x) - x) * (-2 / (6 - x)))) / 9) + ((2.0 + ((6 * ((-8 / (x - 3.0)) * x)) - 1.0)) * -5)) - x)) * x)) + (((((-2.0 * x) - (x / (-333.6 - ((-1 / x) + 2)))) + ((((5 + x) / 2) + (4 * ((x * (x - (-6 + x))) / ((((-0.5 * (x / 8)) + 4) - 6.0) + ((x - 8.0) / ((x + (x * 2)) + x)))))) - -7)) * -6) * -2))) / x)) - x) * (4 - ((3 + (x - 7)) + x))) / ((-9 / (x * -3.0)) - -0.5)) / -7)))))) - -490.0) + x) / -1) - -5) / 6) - 28.0)) / -4)) * -4.833333333333333))))) - -1) * -3))) * 7) - 8) + x) - 4.0) - x) / x)) - -2.4) * 8)';0.6013273980549396
4;'(((2 * (x - (-3.0 - (0.5714285714285714 * ((x - 0.6666666666666666) + ((x * -1) * -1)))))) / 1400.0) - 0.25)';0.45907818173690856
4;'(((((x + 5.0) / 288.0) - 3.0) - (4 / ((x / (2 / x)) - 194.83333333333331))) - 2)';0.45074917339317544
4;'((((-8.2 * (8 - x)) / (432.0 * (((-2 + x) * 6) / (x + 8)))) - 4.0) + 0.4444444444444444)';0.45270604053812014
4;'((((x - 9) / (-9 + (35.0 + x))) - -36.0) / ((((x * -1.2) - -4) / (4.0 + x)) + 2))';0.7567974888531669
4;'((((4.0 - x) / 7) / -42.0) - 4)';0.45032043883004735
4;'((((17.0 * (x + x)) / x) + 6) + 6)';0.756895927776808
4;'(((x / 18.0) / 17.0) - 3.0)';0.4516293326840932
4;'((((((x / -8) / 7) / -5.75) + ((2 - ((x * (((x / (4.0 + ((x + 5.0) + 4))) / -8.0) + 8)) + 9)) / ((-7 * x) * 5))) - 3.0) + ((2 - ((x * 8) + 9)) / ((-7 * x) * 5)))';0.45263731231958876
4;'(((-42.0 / (-9 - x)) * ((-2 + x) - ((-1.0 / ((5 / x) - ((x / 0.3333333333333333) / (-1.0 - (-2 / (1.0 / (x - 7.0))))))) - -254.0))) + 3)';0.7491914621427148
4;'(((x / 42.0) / 7) - 4.0)';0.4503607715606899
4;'(((15.0 / (63.0 + (x + 8.0))) / (-2.6 / (((((6 + x) - x) - ((-0.8571428571428571 / (-5 - (-6.0 - x))) - -0.8)) + ((-6 / (-7 * (x / (-3 + (-11.0 - x))))) / (-9 + x))) + (((-7 * x) + 5.0) + ((((x * (-5 - x)) - 0.8333333333333334) / x) / -5))))) + 6.0)';0.7549662421342486
4;'((((x / 4) / (9 / x)) / ((8 - ((1 - (x - 2.0)) / x)) * ((x + 5.0) + 4.5))) - (-4.0 / (-882.0 - (((x / (-9 - x)) + 1) * -15.166666666666668))))';0.459726142764371
4;'(((((x / 10.0) / 16.0) * 8) / 16.0) - 4.0)';0.45420653398736593
4;'((((2 * (x * 0.031746031746031744)) / (13.0 + ((6 / (-3 + ((x + 2.0) - 9.0))) * x))) - 2.0) - 2.0)';0.44982103919093797
4;'(((((8 / ((8 * (718.4 - (-3 + (((((2 + (5 / ((3 / x) - ((x * (((x + 1) - 8.0) * -3)) + (x - 7.0))))) + 2) * -5.0) - 8.88888888888889) - -1.75)))) / ((x - 5.0) - -4))) + 14.0) + 12.0) - -11.0) + 8.0)';0.6909194795360367
4;'(((((((-3 / x) - ((1 + (((-0.04861111111111111 + x) * (-6 * ((-1 * (((9 - (-0.522633744855967 / x)) / (-9 + (-8 / ((x / 0.5333333333333333) / -7)))) * 3.0)) * x))) * x)) / ((((3.0 * x) + 7) / (-5 / x)) * ((((x / -60.0) * x) / ((-5 / x) + ((-7 + x) / (x / -2)))) - x)))) - -56.0) - 3.0) - 4.0) - (-20.333333333333332 / (x + x))) - 3.0)';0.7543288310069473
4;'((((36.0 / ((x - ((-8 - (-0.13333333333333333 + (x / ((-8 + x) - -24.0)))) - -7)) - -16.0)) * ((((((0.2222222222222222 + x) - (((-2 * (-12.0 / x)) + (x - 9.0)) - 12.0)) - -9.0) * -10.2) + (-2 + x)) + (8 - ((4 / x) - (-1 / (x / ((-1 * (-5 - (-6 / (x + 9.0)))) + (x * 3)))))))) - 6.0) - -16.0)';0.7488678514041178
5;'((((((-5 - x) * -5) / -21.0) / -8) / 11.0) - (x / ((5 * ((8 / (x + 7.0)) - -4)) + (8 - (7 + x)))))';0.611143930482014
5;'((x - ((x - ((x + 20.0) / -5)) - 8)) / ((7.0 / (4 + ((8 - (((((8 - (0.4 + (-3 - x))) + 7) - ((-2 - (32.0 + x)) - 17.4)) + x) - -9)) / x))) - 120.0))';0.622546473112178
5;'(((((x - 0.2) + (x - 3)) - (-54.5 + ((((2 * x) / 13.0) * 2) - 3))) / 702.0) + (8.0 / x))';0.6076772736223726
5;'(((-7 - x) / ((-4 * (-8 / x)) * (1.875 * (x * -6)))) + (9.0 / (((x / -4.0) + (8 * ((((3 / (6 + (1 / x))) - (((-0.5 * ((((((x + x) / -3.764705882352941) - 7.0) / -1) + 1.0) - -4.0)) / 10.0) * 7)) * x) * 8))) / 3)))';0.613913638563644
5;'((-81.85714285714286 + (-7 + x)) * ((-1 / (18.0 + x)) * -9))';0.7996501125266856
5;'(((x + (65.0 + ((x - 3.0) + x))) / x) * ((0.7142857142857143 + (((6 * x) / -5.0) / 178.5)) / -9))';0.6087643934981671
5;'((-1 + (x - (((2 / (((((19.0 - x) + (((x / 9.0) / -5) * 3)) - -6) - 8.0) / x)) + 6) / ((((-7 + (-3.0 + (x / (4.0 / ((((x * 4) - -17.0) - 8) / x))))) - 0.25) / x) / 104.0)))) / (x / 9))';0.7967565338690367
5;'((36.0 / (x + 1125.0)) / ((2.8541666666666665 + ((((((x - 19.5) / -7) * -6) / (2 - x)) / (x * -9.0)) / x)) / (7 * (x / 7))))';0.7811429027313453
5;'(((-4.0 / (((((48.25 - ((-8 - (x + 6.0)) - 11.0)) / (((x - 1.0) * 7) * -2.0)) - -26.0) * -5) + (x / 15.0))) - -8.0) + 1)';0.7984602830716166
5;'(((((x / (1.0 + (-9 / x))) / -2) / -235.90000000000003) - -2) + ((x / ((((2 / ((-3 + (x - (x + ((((x * -8) * 2) - ((2 - x) / 9)) - ((5 - (3 - x)) / -9))))) + 9)) - -4) / (((-14.0 / (x / -7)) - -5) / -6)) / -2.25)) / x))';0.5979339499751994
5;'(((25.0 - x) / -492.0) + 3.0)';0.5983899981818737
5;'((((x - 18.444444444444443) / 8.0) / 8.0) / 8.0)';0.6146933055773187
5;'(((((((2.0 * (((x / (-6 - (-5 / (x - 5.0)))) + 5) + (5 - (((-7 / x) - (-3 * ((x - ((x * (x + 4.0)) - 3)) - (((-1 - x) - ((4 * ((x + ((-8 + (((3 + ((x + 9.0) / x)) * (2 * (-8 / x))) + (((-6 + x) * x) - 9))) + (2 * ((-9 - (x - 4.0)) * (((((-18.0 - x) / 3.0) / (((6 + x) * (-5 / (-3.0 - ((5 / x) - (-1.125 + (((-6 + (((-3 * (125.0 - (x + 8.0))) - -2) + (((-6 / ((5 + (((-6 / ((x + (-8 / ((x / -6) - (-2.0 - ((-3 - x) - 9.0))))) - (-7 / (((-2 * x) / (((-3 / x) * (x + x)) - ((x * -7) / 7))) + 16.0)))) + 4) - 1.5)) - (x * -8))) * ((x + (-4 * (((12.0 / (-6 + ((((3 * (-1 - x)) / -3) - 5.0) - 2))) + x) - x))) / ((x + 7.0) - (8 / ((-3 / x) / 4))))) + (((((((x + 6.0) / (5 - ((-3 / (3 * (((x / (-9 / x)) * 16.0) - 1.0))) - 0.04422604422604422))) / (3 + x)) * x) - 2.0) - (-2 / (((x * (x - 2)) * ((((-3.3333333333333335 / (-3.5 * x)) * 8) / ((((-4 * (-6 - x)) / 2) - 42.0) - 3.0)) - 44.0)) * -1))) - x)))) - 3.0) * -4)))))) + 2)) * ((9 + (((-7 / (87.0 * ((1 / (-0.25 * ((35.0 - x) * x))) + 147.0))) / -5) - 6)) + 7)) * ((3 + x) + x)))))) / ((-7 + (((9 - (-3 + (((-5 - x) * -4) - x))) - 3.0) * 4.0)) * ((x / ((-3 / ((x - 8.0) - -0.375)) - x)) + ((-9 - x) - x))))) * -6)) / 5)))) - -2)))) / x) / 3) - 9) - -7.0) / x) - ((-1 - ((x / 4) - -2)) / ((((x + 5) / ((1 / (-8 / (-9.0 + (x * 6)))) / 4.444444444444445)) * -20.0) - -2)))';0.5987956758352396
5;'((((0.015625 / (((1 / (-7 - (((0.07058823529411765 / ((x - 7) * (8 / (((((x - 5) + 2) - 2) / 3) - -9)))) * 4) * 4))) + 8) / ((-8 + x) + (-3 + (((x / (x * x)) - -4) * 5))))) - 1.2) - 1.2) + 2)';0.6159915998805171
5;'(((x + ((-15.0 - x) + ((x - 1.0) / 5))) * ((-3.5 / (120.0 - (1.1666666666666667 + ((-47.166666666666664 - x) / 5)))) * -4)) - 0.041666666666666664)';0.7896320397552018
5;'(((((((((x + x) / -9.007142857142858) + x) / -7) - 3.0) / -54.0) + 8) - 2.375) - 3.0)';0.5983020111596878
5;'((((x - 9.0) / (426.0 * x)) * ((((-1 + ((x / (-108.0 * x)) / -25.0)) + ((-1 * (((-9 - (-2 / (8 * x))) / ((-1 - (((-7 / (-5.0 + ((x * -7) - 2.0))) * 9) * -8)) - -4)) - 5)) / -3)) - 9.0) + x)) + 2)';0.6017160169111908
5;'((((((x + 3) - (((3.0 / ((3 / ((4 / (-5 / (x * ((-7.777777777777778 * (((-12.0 * x) - (((-5 / (((-6.666666666666667 + (-4 + x)) - ((((x + x) + (x * ((-2 - (x * 6)) - ((-4 * (((3 / ((((((x / (36.0 / x)) * -7) / x) - ((-9 * x) / x)) - (1 - (((9 * x) - -8) - 1.0))) - 9.0)) * 2) * (-7 - ((((x * -8) / -7.0) / -9) * (-2 / (x - 0.5)))))) + 9)))) / (-3 + (((-6 - ((-9 + x) + 1.0)) - 9.0) / ((-0.2 - (-3 * x)) - (((-9 - ((((((x * x) / -3.0) + 6) - -6) * x) - 8)) - ((5 + (6 / (x + (-1 / (((((x * ((((x * (-8.0 * (6 / x))) * (-2.294117647058824 - ((1 - ((7 + ((((-5.0 + x) + 4) + 2) + ((1.0 - (x * (-2 * x))) - 8.0))) / (-7 + (x + ((((3 / x) * -1) * (((((((-6.0 - (2 + x)) / ((54.0 - x) + (-11.0 + (((x * 9) / (-5 + (2.0 / x))) * -8)))) / ((3 * (5 / (8 / x))) + 9)) / ((-1 - ((((3.0 / (6.0 / (((x * 4) - -7) + 8))) / 9) + (((((x * -4) - -3) * x) / 7) / x)) * ((7 * (7 - (x * 2))) + x))) - 9)) / x) * -6) + (x * 3))) * x))))) - 9))) / 6) - (5 / x))) - 7.0) - (((x - (-1 / (-5.0 * x))) / (7 + ((x / (-6.0 / (-16.0 - ((((-9 * (x / ((((x / (x * 10.666666666666666)) - (-5 - (1.6666666666666667 / (7 - x)))) + ((2 + (4 - x)) + 6)) + x))) * -2) + 1) * -4.0)))) / -3))) * 13.0)) + 4.0) - 4.0))))) + x)) / -16.0))))) * 9)) - 3.0)) - 2) - (((x / ((7 * x) - ((-3 + x) / (((-9.0 + (((((-4.190476190476191 * (x / -9)) / x) / ((((-3 / ((6.0 / (-1 + x)) + 8.0)) / (x / 8)) / ((-1 + x) - (((-28.0 * (x + 1)) * 8) * (((x - 7.0) - 8) - 20.0)))) / x)) * 64.0) - 10.0)) * 9.0) + ((((x + ((x + 1) * 6)) / 2) + (3 + x)) + 6))))) * ((x - ((x - 4) + 3.0)) + (x / (-1 - (2 * (-8 * (-6 * (x * 3)))))))) - 6))) - (-3 + (x + 8.0)))) - ((-2 - (9 * (((-2 / ((8 / (((7 + ((x - 9) - x)) - -3) - -5)) - (2.0 - ((((x + 6) / 0.06666666666666667) / -3) + (-6 / x))))) - 5) * -9))) * (8 + ((x / (-3.0 - ((1.0 - x) / 4))) / 4.0))))))) * (((-8 - (8.25 - x)) / x) - 1))) / -6)) - ((-6.0 - (-4 + x)) - 1.0)) + (((-7.0 / (x - 8)) / 5.0) + (((4 * x) - -6) * -9)))) / (35.55555555555556 * (x + 2.25))) - x) * -9) / x)';0.7975866902675319
5;'((((12.0 - (x + (x + x))) / x) * (x / -1890.0)) - -7.0)';0.6352231372583007
5;'((((((((x - (-2.0 - x)) + x) - ((21.0 + x) / 11.555555555555555)) / -5) / 54.0) / -5) + 2.0) - -0.5)';0.5975926989886047
5;'(((x + 2) + ((x - 360.0) * 9)) / x)';0.794413579045858
5;'((((x / 7) / 9) / 9) - -1.125)';0.614003445557923
5;'((-20.0 / ((((((-1 * (x / (x - 5.0))) / 3) * -1.4) - (((3 * (((-7 - (5 - (-5 / x))) - (9 * ((x * x) / (-9.0 + x)))) * 8)) * (-8 / (6 + (((x * -4.5) - -6) - (-4 / (x * x)))))) - -9.0)) / (-1 * ((-7 + (x + 4)) - (-1 - ((x + x) / -6.0))))) - 2.0)) - 1.0)';0.7968062438203499
5;'((((((17.0 / (x - (x + ((6 - (2 + ((28.0 * ((((56.0 / (2 - x)) / (7 / (x * -5))) - -4) / x)) - 9))) - 1)))) - x) / 8.0) / -55.888888888888886) - -2) + (-8 / ((-4 + (9 * x)) / -160.0)))';0.5985288330475576
5;'(((((x * -0.07142857142857142) / -38.0) + 3) + (13.0 / ((-40.0 - ((25.0 * ((((-6 - x) + (-9 * (-4 / (5 - x)))) / 9) * -5)) / x)) + x))) + (3 / ((9 - (((x * 2) - x) - 4.0)) + x)))';0.5993309320533625
5;'((((4 + x) * (((2 / ((0.8888888888888888 + x) - -6.0)) - 0.16666666666666666) / -72.0)) - -2) - 0.16666666666666666)';0.6003915045515413
5;'(((0.8333333333333334 / ((-5 / ((((3.0 / ((x + 1) - (x * (63.0 / (-8.355484255423242E-6 * (x / (x * -0.6666666666666666))))))) - (-5 + ((-8 + (x * (6 - x))) - (x * -3.0)))) / (((-8 + ((3 - (4 * (-10.0 - x))) - 9)) - 8.0) - x)) - -5)) - 5.5)) - (-9 * (-1 + (35.0 / x)))) * (-1 + (35.0 / x)))';0.8001280216218012
5;'((-160.0 / ((-6 + ((6 * (4 * x)) / -47.0)) - (-1 * x))) + 9)';0.8008363109028773
5;'((-45.0 + (-14.0 + (x / -7))) / (((4 / (-18.666666666666668 + ((x - 2.0) - 4.0))) - 7.0) - 54.0))';0.602320343090012
5;'(((-25.0 + x) / x) + 8.0)';0.801413752194643
6;'(((7 * (x + 9.0)) + ((((x - 8) - 4.0) / -5) + (x / -6.0))) + 1)';0.09067411578001351
6;'((((x + 9.0) - (x / 4)) * 8) - ((((-4 / x) - 0.2222222222222222) - 1.0) - 8))';0.08836297682383341
6;'(((54.0 + ((-5 / (x + ((5 / x) * -1.6666666666666667))) * (5 - ((-6.0 / (x + (x * -3))) - ((4 - (10.0 - (6 - (-108.0 + x)))) / x))))) - (-5 + (-24.0 + (x * -5)))) + x)';0.0881529953179883
6;'((((1 - (x + 12.0)) * -3) * 2.25) + ((((-8 + ((x - 3.0) / (-6 * (((-1 / (((((-1 + ((3 + (9 / (x / (((-1.125 + x) * 8) - (2 - x))))) * ((-15.875 - (17.0 - x)) * 2.0))) + 4) * -7) / -8) + 9.0)) - 2) / x)))) / -8) / 0.7142857142857143) - 4.0))';0.08843836890995643
6;'(((((((((((4 - ((2 / x) * 8)) - ((-4 / x) / -6)) + ((x * ((((((((-1 - (((6 / ((3 + x) * (((((7 / ((x * 6.0) / -7)) * (((x * -1) - x) - 0.2857142857142857)) / ((-3 * x) * ((((x - 2) + x) - -66.0) + x))) / (-8 + x)) / (x / -9)))) / (x + ((x * (x - 2.0)) * ((((((0.16666666666666666 + (-21.0 + x)) * (((-9 * (-39.0 * ((((-4.555555555555555 + x) / 6) / -7) - 4))) + 8) * (0.0 - (x * -9)))) + (-6.0 * ((((-2.0 * (x - 8.0)) / -16.0) + (-9 * ((((((x + x) + x) + x) - 1) * ((2 * x) - (x - 4))) * ((x / -9) - (-4 + (((((-5 - (-1.4 / (0.47058823529411764 + ((((((4 * (((-5 + ((x + 9) + x)) - 36.0) + x)) + (-36.0 * x)) * x) + ((((x + 2.0) + (-2 * x)) - 5.0) * (x + 0.42857142857142855))) + 4.0) * 6)))) - (6 * ((4 - (((-56.0 + (x / 0.5)) + x) + 10.0)) * 3))) * x) + (-1 + ((x - 0.5) / -9.0))) + x)))))) + (x / -9.0)))) - x) - 7) + 6)))) - ((((2 / (-2.0 + (40.0 - (7 - x)))) - ((3 / ((x / 9) - x)) * (-8 - (-8 * ((-3.0 / ((-4 * x) + 6)) * 6))))) - 1.0) * ((-6 / ((8 - (x - 2.0)) + (-5 + x))) * ((x * x) / 3))))) + 4) * -0.8) * x) / -4) + ((((9.0 * ((4.0 / x) * (7.0 + x))) + 7) - ((-9 + ((((x + (9 + x)) / (-3.0 + (-3.0 * x))) * 10.0) / ((x * x) * 7))) + x)) + (x + x))) / -6) / x)) - 3)) - 6.0) / (x + (6 + (8 * (7 + x))))) + x) + 9) * 7) - 2.5) - 2.5) + 9)';0.08826712429111114
6;'(((((x * -6) * -1) + 86.0) - (x / 9)) + (5 / (((3 * x) + ((-0.26666666666666666 * x) * -7)) * ((-9 - (x / -2)) / -4))))';0.08845501722090708
6;'(((((7 * x) + 45.0) + 8) + 8) - 3)';0.09311285890402701
6;'((((1 + (7 * x)) - ((x - (-7 / (-4.25 * (8 / x)))) - 3.0)) + 37.0) + 37.0)';0.08927368637591211
6;'(((((x + 5.0) - (-42.0 / x)) * 7) + (3 - (-34.0 / x))) + 5.0)';0.09020656454133075
6;'(((((((x + x) * 3) + 84.0) - 2.0) - -0.05555555555555555) - 0.6666666666666666) - -0.003812636165577342)';0.08832462293113152
6;'((((x + 1.3333333333333333) * 9) + ((2.0 + ((((20.0 / ((-1.0 + (x / (6 + ((6 - x) / (-4.125 - x))))) - 7.0)) / 4) - (8 / ((-8 - ((-5 * (2 * (x + 5.0))) * -35.55555555555556)) / (((((x * ((x / -8) + (1 + (((((6 * ((x * 10.0) / 9)) + 25.0) / (5 / x)) - 2) * -1)))) - x) / ((-12.0 - (x * -8)) / x)) + ((x * -7) - (x / -7))) - x)))) - x)) - -26.666666666666664)) + ((2.0 + ((((20.0 / ((-1.0 + (x / (6 + ((6 - x) / (-4.125 - x))))) - 7.0)) / 4) - (8 / ((-8 - ((-5 * (2 * (x + 5.0))) * -35.55555555555556)) / (((((x * ((x / -8) + (1 + (((7 * (5 / (x / ((x / 7) - (((-8 + ((((x - (((8 * x) - x) - 9.0)) - -5) / -5) - (((x - 6) + 8) * 12.0))) - (x * -1)) - -7))))) - (-1 - (x * 5))) * -1)))) - x) / ((-12.0 - (x * -8)) / x)) + ((x * (-4 + (x / ((8 - x) - x)))) - -395.00000000000006)) - x)))) - x)) - -26.666666666666664))';0.09244395652946902
6;'((((((8 * x) + 72.0) - x) - x) + 8) - ((x * x) / ((x * (0.875 * (5 - (x + (-6 / (x * -20.0)))))) - x)))';0.08838854003123259
6;'(((((x + (40.0 / x)) - -7) * 6.800000000000001) + (40.0 / x)) + (40.0 / (-7.0 * ((-9.0 + (((((-9 * x) * 2) + ((-3 * ((-0.023809523809523808 / (11.0 + (x * -8.0))) / x)) * (9 * (7 * x)))) - 4) / (7 + (6 - x)))) - x))))';0.08489662324175165
6;'(((((((0.6666666666666666 - (x + 6)) * -8) - x) - ((-3 / (3 - ((x * -1.0) / -6))) / x)) + 7.0) + 3.5) + 6)';0.09014690120825208
6;'((((15.0 - (x * -9)) + (10.0 + ((x - 7.0) / -1.4))) + 4) + (10.0 + (x / -1.4)))';0.09908988618238587
6;'(((((x + 1) * 9.0) - (-0.25 - ((7.0 - (x + 4.0)) - -14.333333333333332))) + ((11.0 + (6 * (-2 / x))) - -6)) - (-0.25 - ((((x / ((x - (x / (x / 4))) - 9.0)) + 4) - (x / 2)) - -0.28125)))';0.0960958377425465
6;'(((x / 10.0) + ((-42.0 - (8 * x)) * -1.0)) + ((-3 + (-7 + (x - 5))) / -1))';0.09365681609908913
6;'(((((-0.375 + x) - -12.0) + 1) * 6) - -6)';0.0883561220073373
6;'(((((((-1 * (2 / (((-5 / (-8 + x)) / -12.25) * 8))) * 0.2727272727272727) / (45.0 + (-1292.125 / x))) + ((-5.0 - (x * -6)) + 1)) + 78.0) + 7.0) + 1)';0.0878498007766468
6;'(((((x - (x + x)) + ((9 * x) - 12.0)) + (81.0 - ((x + x) - 7.0))) + 8) - ((((23.0 / (-4 * (3 - (x + 4.0)))) - 3.0) - 7.0) / -4.875))';0.088447165925951
6;'(((((x + 6) * 8) - x) + 6) + (31.0 - x))';0.09054355748913163
6;'(((((x + 15.75) * 5) + 11.0) + x) - 7.0)';0.0887891368227281
6;'(((((1 + (x + 5.0)) * 7) + 10.0) + 5.0) + 5.0)';0.0933760289146984
6;'((((x + 4.6) * 8) + ((94.0 - (6.0 / x)) / x)) - 4.0)';0.10048884352711836
6;'((((((x - 8) * 7) + 70.0) + 70.0) - (((-4 / x) * ((-8 * (x * -3)) - 7.0)) / -52.0)) - x)';0.0885051840861302
6;'((-6 - (-6.0 * (x + 6.0))) + 54.11904761904762)';0.08978186842157317
6;'((((-0.14814814814814814 - ((x * 8) * x)) / ((0.1111111111111111 - x) - -3)) + ((0.08333333333333333 / ((x / -0.625) - ((2 / x) / x))) + 35.0)) - x)';0.09420097237126385
6;'(((4 * ((-9 + x) - 3.0)) / -6.0) - ((3 + (6 + x)) * -7.0))';0.08998593761810657
6;'(((x + 4.0) * 9.0) + (((-0.375 / ((2 * (-18.0 / (((x / 3) - 8.0) - -4))) / 8)) * -7) - x))';0.1015606662083743
6;'((((((8 + x) - ((4 + (-1 / (6 - ((8.0 - x) - ((5 + x) * x))))) / (-1 + x))) * 6.0) - -3.0) - -32.0) - 0.3333333333333333)';0.08819292170300991
7;'((((x / 12.0) + 22.0) + 22.0) + 8)';0.3622417663895871
7;'((((((-9 / x) / x) - ((x + 1.0) / -11.0)) + ((((-1 - (((((-3 * (-7 + ((6 / x) * (((216.0 * x) - 7) + (-3 / ((-9 / x) - x)))))) - ((-9 * x) * (3 / x))) - 7.0) - (x - 9.0)) - -1.6666666666666667)) / 0.1851851851851852) - (-9.0 / ((-3 + x) * -32.0))) / x)) + 6.0) + 1.0)';0.36941546004445264
7;'(((x / 18.0) - -18.0) - -101.0)';0.3430892019691447
7;'((((((x + 14.0) / 11.0) + 15.0) + 1.0) + 15.0) + 1.0)';0.3703247264220448
7;'(((71.11111111111111 - ((x + 8.0) / -16.0)) + 9.0) + 6)';0.3468934517129291
7;'((((((x + ((-8 - ((x * -9) - ((-8 * ((-3 + x) / (3 * (6 + x)))) * x))) / 8)) / 32.0) / -0.6666666666666666) / ((x - 3) - (x - 2.0))) + 10.0) + 10.0)';0.37774512839794444
7;'((((7.0 + (-10.0 - (x * -0.3333333333333333))) - x) / -7) - (((-9 - ((1 + x) - x)) * 36.5) / (-6.428571428571429 + (-1 + (16.0 - (-5 + (3 / x)))))))';0.37700748193060774
7;'(((((((-9.0 + (2 - x)) - (x / -12.0)) / ((56.0 / (((-2 - x) / (-8 / ((((6 / (-1 - (((-4 - (x * -5)) - x) * x))) / -8) - ((-5 - (9 / (((x + 2.0) / 5) + (((((x * ((8 / (x - 7.0)) * -6)) - ((4 - ((6 - (x / (x / (x * x)))) + (-2 / (((7 - x) / ((5 * (((-6 / (4 + (504.0 - (((10.0 * (-3 * x)) - (2 - (x * 8))) + 2)))) / -13.0) + (x - 2.0))) - 104.0)) / 2)))) + 0.5)) * x) - 8) / x)))) / (((-7 + (1.0 / (-7.0 - x))) + 6) * 7))) / -5))) + x)) - 10.0)) - (1.0 / (-1.0 + x))) - -6) - -6) - -6)';0.37617522452686375
7;'((((-4 + ((-9.0 + x) + (-2 / x))) / 12.0) - -25.0) - -25.0)';0.36180228158056055
7;'((((0.08333333333333333 / (1 / x)) + (((((x * -3) / (9 - x)) * (((x * 7.0) - -40.0) - 7.0)) / (((1.6363636363636362 / (((x * (-3 - (-7.0 + (x / 8)))) - -6.0) - x)) / (-9 + x)) + x)) + 28.0)) + (((((x * -3) / ((15.0 / ((-2 / ((x + x) / 1.3333333333333333)) * (x * x))) - x)) * ((5 * x) + (1.4545454545454546 * x))) / ((-3 / (x / 7)) + x)) + 28.0)) * 0.7142857142857143)';0.35620282431837796
7;'((((-3 - x) / -12.0) - ((((1 - ((-9 * ((9.0 + x) - 2)) - -18.0)) * -4) - ((((-16.0 / x) + (-9 * (-6 * (-4 - (((x / -1) / 5) + (((-1 - x) / -3) / (9.133333333333333 + (x + (x - 7.0))))))))) * ((x / ((-4 * x) * 3)) * -6)) - ((((6.0 + x) / ((9.0 * (x * (((x + (x + (6 + (x + x)))) + 3) + 5))) - x)) * -8) / x))) / x)) - -7)';0.3617998308686976
7;'((((x / 16.0) - -60.0) - -32.0) - 0.6666666666666666)';0.3471555771426876
7;'((((x / ((-5 - (((0.0 - (-5 + x)) / 8) + 4)) / -7)) - (x + (((5 - x) / 6) - (((0.7333333333333333 - (-1 * x)) - 8) - x)))) / -9) + 2)';0.38215838651957906
7;'((((((((((x / -9.0) / -1.4545454545454546) + 5.0) - -10.0) - -12.0) - -12.0) + 5.0) + 14.0) - -10.0) + ((x / -52.0) + 7))';0.3547296382220044
7;'((((((-2 + x) / -16.0) - 68.0) / ((-4 / x) - 1.0)) + 6.0) + 11.0)';0.3472392153184565
7;'((((-0.6666666666666666 - x) / -13.142857142857142) - ((7 * ((x / -5) * ((9 / x) * 2))) + 5.0)) - -42.0)';0.356531526878962
7;'(((((((x - 5) + ((-13.0 - (x + (76.0 + (((-6 - (((((((x * -3) * 1.6) * 5) / ((x + x) * 20.0)) - x) - -5) / x)) * 7) + (-8.0 + x))))) / 6)) - 6.0) / 12.0) - -54.0) - -54.0) + 1)';0.3431778041877053
7;'(((((-7 - x) / -12.0) + 13.0) - -27.0) + (8.333333333333334 + (3 / ((9 / (x / ((8 - (((((((-4 * (9 - x)) - 1) * (((-5 * x) / (-7 + x)) / 6.0)) * (4 * ((-9 / x) - 4.0))) / -6) - 1.0) * x)) / (x - 9)))) - 1))))';0.361801232486977
7;'((((-1043.0 + x) / -19.0) - (x / -8)) - -11.0)';0.3543600950059427
7;'(((((2.25 / ((7.199999999999998 - ((x - 6) * 4)) - x)) + (7 + (x - (2 - (6.0 / (x - 1.0)))))) / 11.4) + 15.5) + (((x - 1) * 6) / ((x / 4) - 0.25)))';0.3659778248538918
7;'((((((((-4 - x) / -12.0) - -6) + (((((x + 7) - -36.0) / x) / (-7 + ((((-8 + ((((x + x) / (x + 1)) - -2) / 3.0)) - 1.0) / -5.0) * 9))) / (((x - 2.3333333333333335) / (((6 / (2 * ((x * -9) - (x * -8.0)))) / 7) / 6)) * -5))) + 13.11111111111111) + 13.11111111111111) - -6) + (7 - (x / (((-3 * (x / ((x * (-2 / x)) + 5))) * -2.0) + (x / -3)))))';0.36234509395494535
7;'(((((((((x + 1.0) / 8) - -0.5) * 0.625) - -42.0) - -0.5) + 18.0) - 1.0) - 1.0)';0.3579594916888676
7;'((((-2.25 - (((x / 4) / 6) - -6)) * -2.0) + 9) + 21.0)';0.3621054041530638
7;'((((((((x / 8) + ((((x + (x / 3)) + 5.0) / 3) / -12.0)) - ((3 / x) / (((x * 0.2222222222222222) - 4.0) + 7))) + 4) + 9) + 5.0) + 5.0) - (((35.0 - (x + (-0.7142857142857143 - (-4 * (x / 0.4444444444444444))))) / x) / x))';0.37468586823532557
7;'(((((x + ((-15.0 + (x + 0.75)) * -0.1428571428571429)) / 9) - -12.0) - -12.0) + 4)';0.37693353607984065
7;'(((((((x / 6.0) / 3) + 30.0) + 30.0) - -18.0) - -7) + 30.0)';0.3428671663109962
7;'((((((x + 4) - 1) - 6.0) / (x - (-8 + (x - 7.0)))) - -48.0) - -28.0)';0.3503604693199179
7;'(((((x + 486.0) / -12.0) * -1) + 8.0) - -1.0)';0.3617857513236899
7;'(((((x - 3) / 16.0) + 81.0) - (-2 * ((5 / ((5 * x) / -28.0)) * -345.6))) + 3.0)';0.34559945026212285
7;'((((((((x / 12.0) + 5) + 8.0) + 8.0) + 8.0) + 5) + ((7 * x) / (((x - (-3.5 * ((((((x + 6.0) - -18.0) + (((x + 0.8333333333333334) + ((-2.0 + (x * 7)) / (-14.0 - (-1 * x)))) - 6)) * -5) / 0.2222222222222222) / x))) - -2.0) - (-8 / x)))) + 8.0)';0.3616496038025192
8;'(((((0.23809523809523808 - x) / -7) + 3) + 3) + 3)';0.3971934020850024
8;'((((((x / -9) + (((-10.0 / (-9 * (9 * x))) - 1.0) / x)) * -1.1428571428571428) + 3) - -8.0) + (9 * (-5.0 / x)))';0.3934179740625425
8;'((((x - ((-5 + (-9 + x)) / 6)) / 7) - -12.0) - 1.0)';0.3928078595685136
8;'(((((5 + x) / 8) + 9.0) + 0.10067415730337079) + 1)';0.3933043375503067
8;'((((x - 10.166666666666666) / 8) + 8.0) + 4.0)';0.3933093008237129
8;'((((63.0 + x) / 8) + 7.0) - 4)';0.39351654742773856
8;'((((x + ((-9 / (x - 1.3333333333333333)) * 4)) / 8) + 9) + 2.0)';0.39359138831179846
8;'(((x / 8) + 6) - -5.0)';0.3936941873740461
8;'(((((6.0 + x) / 8.0) + (-4 / ((x + 1.0) - ((-6 - ((-3 / x) - (x / (-8 - (x / 5))))) - -6)))) - -9) + 1.0)';0.3932580839763713
8;'(((((x * 6) / 54.0) + (((2 / x) + x) / 61.85714285714286)) + 8.0) + 2.833333333333333)';0.39427297676914724
8;'(((x / 8) - ((-8 / (-5 + (x / -4))) - ((3.64 / ((-9 + (-11.0 / (4 / ((((5.0 + (((-11.0 - ((x - 8.0) / -7)) - 7.0) / -2)) + x) * (x / -0.375)) / ((x * 6) - 9))))) / (-0.0925925925925926 * (((-1 * x) - 2.0) / (8 - (((x + 2.0) + 1) * 7.0)))))) - -2.0))) + 9.0)';0.39311378006202286
8;'(((x / 7) + 9.0) + (-7 / x))';0.39708434052073804
8;'(((17.0 - (x / -9)) - (((5 / ((1.0 + (-1 - x)) + ((6 * (-5 - (((9 - x) * (18.0 - (x + ((x * 3) / ((-6.0 - (((((((x * -3) + (-79.0 / x)) + 4.0) / -10.0) - (9 - x)) + (-4 + ((5 * (6 - (7.0 + (5 / x)))) - x))) / (x - 6.125))) * -9))))) - -6))) * ((-8 + x) / 2.0)))) + 2) / ((((-6 * (-8.0 + (1709.0 * ((((((x + 6) - x) * 3) + ((-4 / ((x * -3) - 1.0)) - -0.25)) * -6) + (((x - 1) / ((4 * (-9.0 + (((-2.0 + x) / -3) * 6))) + ((x * (-8 / ((-11.0 - (x + 1.0)) + 9))) + x))) - 3.0))))) / -4) / (6.0 / (x - ((-7 - x) * 42.0)))) + 7))) - 3)';0.3990932768104444
8;'(((((((x / (9 / x)) / x) - -18.0) - -2) + (8.555555555555555 * (4.0 / ((-6 * ((x - 259.2) / -6)) / -2)))) - 1.8571428571428572) + (8.555555555555555 * (4.0 / ((-6 * ((x - 259.2) / -6)) / -2))))';0.39772884371338196
8;'((((-2 - x) - -0.5) / -8.3) + 11.0)';0.39233432203982926
8;'((((x / 10.0) + 6.0) + 10.0) - (((((-1.75 * ((8 * x) - 12.0)) / -5) - (((-339.0 + ((x * (-6 + (-21.0 + (-9 - x)))) - 7)) - x) / (((7.075 + ((4 / ((-7 - x) * (5 * x))) - ((-8 / (x + 5.0)) / -8))) - -7) - x))) / -40.0) / 3.0))';0.396916924245711
8;'((((x / 6.875) + (-5.0 / (((-1.0 - ((3 / (((-0.6666666666666667 - (6.0 + (-2 / x))) * x) * x)) * (x / (-75.0 * (x + (((x / 5) * -2.0) * (7 / x))))))) + (-9.0 + (-3 * x))) / (4 - (-9 - x))))) - -7.0) - (1.5 / x))';0.39801223764587845
8;'(((((((x / 8) + 35.0) - 5.0) - (-5 / (((((6.0 + (x + x)) - 3) + 5) - -5.2) / -8))) - 4.0) - 6.0) - 9)';0.39327720005202754
8;'((((((((((-9 / (x + x)) * -7.0) + (6 - (5 - (x - 6.0)))) + 0.45) / 7.5) + 1) + 3) + 3) + 3) + 0.45)';0.39512676770069416
8;'((((((-8 + ((-55.0 / (x * (x * (x + 3)))) * -2.0)) + x) / 8) + (((((-9 / ((-1 - ((((-1 - (-9 - x)) - -1) / -7) / 6)) - (-4 + ((7.0 / (-7 / x)) / -6)))) - x) - 30.0) / x) - 1)) + 2.0) + 12.0)';0.3930681732161998
8;'((((x / 8) + 9.0) - ((((((((-5 + x) - 6.0) - 1.0) * (2 * x)) / ((-7 - ((5 - x) * ((-8 * (((((-40.0 - (x + x)) / -8) + x) * ((x / ((x - (x * x)) + (((-8 / x) * -8) - 3))) / -36.0)) * x)) / -3))) + (1 + x))) + x) - -9) / x)) + 3.0)';0.3931195430056308
8;'(((((x / 8) - 0.35714285714285715) + 16.0) - 4) - 0.9411764705882353)';0.3933324199835922
8;'(((((x - (-2 / (1 + (((6 + x) - x) * (x * -5))))) / 9.0) + 7) + 7) + (-8.0 / (((((((x - 0.5624999999999999) - 8) / (x - (x * x))) * (((2 - ((7 * (((x / 9) * (x / 8)) + x)) - ((((-8 * x) * 3) - -2.0) * ((x - 9.0) - x)))) - 4.0) / ((x / ((-5 + (x / -0.4444444444444444)) - -7)) - -8.0))) - (-2.0 - (-52.0 + ((5 - x) / -7)))) / x) + 5)))';0.39787980707113296
8;'((((x / 7) - -9) - (3 / x)) - (3 / x))';0.39710682608711234
8;'(((((-1 * (x + 2.0)) / -72.0) - (x + 7)) / -8) - -10.0)';0.39297319777523726
8;'(((((x / 7) + 1.0) - -7) + ((-6 / x) / 1.25)) + 1.0)';0.3971338087667615
8;'(((((x / 8) - 6.0) + 6) + (5 + (3 / (-1 - ((((((((5 + ((-8.5 / (2.0 / ((-8 - (18.0 * x)) / 9))) - -8)) - 8.0) - -5) * (1 + (7.4 / (x - ((x + x) * ((0.6666666666666666 * (3 * (-9 - (-3 - (2 / ((((0.6666666666666666 - (-1 - (-3 * x))) - 9.0) / 2) * (x - ((-7 / ((1.7142857142857144 * ((x - 0.2222222222222222) / 3)) - 1)) / -4)))))))) + ((x * (-2.8 / (x + (-9 + (-3.0 / ((((-9 - ((-1 - x) - -12.0)) / -8) - (-2.6666666666666665 + (x + 8.0))) - -4)))))) * 6))))))) * 6) - 8.0) - ((((x / 12.0) * (5 * x)) - ((((-2 * (((63.0 + x) * (-2 - x)) + 15.0)) - 8) / (x - 9)) / 9)) / 4)) / ((2 * (-5 + x)) - x)))))) + 6)';0.39021865044479004
8;'(((x / 8) + 5.0) + 5.7857142857142865)';0.39338966175180445
8;'(((((((x - 1.0) + x) + 16.0) / -9) + x) / 6) + 12.0)';0.3963771640551436
8;'(((((((-1 / (((8 - x) - 5) - (-4.0 / ((x * x) * 7)))) - -8) / (x + 0.2777777777777778)) - 6) * -1.1428571428571428) + ((x + (((x * (((x / -28.0) / x) / 9)) * ((((((x / -14.0) - 9) / (6 / (1 + (x - ((x + 3) / x))))) / -6.0) / 9) - x)) / (-5.0 * x))) / 8.0)) + 4.0)';0.39326336527810096
9;'((((-17.0 - ((-2 * x) - 1.0)) / -5) + x) - 1)';0.3580970203769409
9;'(((x - 3.2) / -4.0) + x)';0.36486197725409936
9;'(((((x / -3) + x) - -0.9259259259259258) - -0.3333333333333333) - (-5.0 / ((-96.0 + x) + (4 / (7.0 / (x * 8))))))';0.337225931113082
9;'(((x - 3.0) - ((-3 + x) / 3)) + 4)';0.359753796292121
9;'(((((x + ((((5 / (-1 * (7.0 / (0.03396739130434783 + (6 - ((x * 5.0) / 7)))))) + 4) / -8.0) - -2)) * 3) / (((x / -3) * 2) * (-1 / x))) / 7) + 1.0)';0.35745481171806104
9;'(((((6 * ((x + (2.4 / (1.5 * x))) / -15.0)) + x) + 1.0) + (x / (x / ((-1 / x) * (5 - x))))) + 1)';0.3550802470344006
9;'(((((15.0 / x) + x) / -3.0) + x) + 2.0)';0.3573408430257193
9;'((((((1 + x) - (2.0 / (5 / x))) - -3.2) - 3) + 0.42857142857142855) + (((2 / (((x - (-7 - x)) - (1.0 + x)) / -5.785714285714286)) * 3) - -3))';0.3509871516405968
9;'((((x / -3) + (x + 1.0)) + 1) + (5 / (((((10.0 - ((0.5555555555555556 / (x * -2)) + 3)) - x) * -4) - 1) - (2.0 * (x + 7.0)))))';0.3539624011794624
9;'(((((x + 1) - (x / 5)) - (x / 5)) + 1) + ((4 + (7 + (x * (-3 / (0.4 + (-2.8333333333333335 - ((x * (-5 - ((((5.0 / (x / 8)) - x) / -9) * (6 * ((x * -1) - (-14.0 / x)))))) + ((((-9.0 + x) / x) - 6) / x)))))))) / (((-54.0 / (((((-2 + x) - x) / 2) - (-7 / (((-5 * ((12.0 / (x + 2)) - 6.0)) - 3) + (2 / (-8 * x))))) - -0.4)) / x) + 14.0)))';0.356002579749685
9;'((((x / -3) + x) + 1.0) + 1.0)';0.359753796292121
9;'(((x - (5 - (6.0 / ((((((5 + x) - x) + 1) / (0.0 - (2 * ((14.0 - ((-7 * x) + (-2 / x))) * x)))) + 8) * ((((8 / ((((x * x) / ((((-1 - x) - 4) * x) * (x / -3.5555555555555554))) - -5) / -7)) / -7) - (4 + (-8 / (-9 - (((x * -2) * x) + 5))))) + (x - 4.0)))))) * -0.4) + x)';0.35826976793776066
9;'((((x / -3) + x) + 2.0) - (1 / x))';0.35901298327157644
9;'(((0.4444444444444444 * x) + (x / 6)) + 3.0)';0.36123711837451195
9;'((((((-0.42857142857142855 + ((x / 3.0) + 2)) + 9) * 0.5) + x) * 0.5) + (((-6 * (-8 + x)) * -1.0) / x))';0.3448472379341129
9;'((((x / -4.0) + x) + 1.0) - 0.075)';0.36472496022602885
9;'((-1.25 + ((5 + x) - ((((6 / (-0.037037037037037035 * (9 * x))) - -1) - (((((2 / x) / (x + 8.0)) / -8) * -6) - x)) / -4))) / 2)';0.3577142862110695
9;'(((((-6 + x) + x) / ((-0.25 - (((x / ((-18.0 + ((x / -2) - 3)) + (-36.0 / (-2 + x)))) - 0.3333333333333333) + x)) * -1)) + x) - (x / 3))';0.3570617895555425
9;'((((0.8333333333333334 * (x + 5.0)) / 1.3333333333333335) - (4 / x)) - (4 / x))';0.35504367508784307
9;'(((((x / 2) - (x / -7)) + (-2 * (8 / ((x - (-3 / x)) * (((-9 + x) + (-8 + x)) + 9))))) - 0.11363636363636363) + 2.0)';0.3574594817916946
9;'((x / -5) + x)';0.3726794185264191
9;'(((((((((-3 + ((4 / (-3 - (((-3 / (((x - 8) / 7) * x)) - -3) + 9))) - -6)) / ((x + (-7 / (-2 / (4 / x)))) + 45.0)) / x) - x) - (x / ((((-9 * x) + x) * -9) * ((-5.0 / (-0.25 / ((-1 * x) / -2))) / 2.0)))) / -3) + (((x - 9.142857142857142) * 7) / 21.0)) - -6.0) - 1)';0.35954711285174723
9;'((((((5 - ((x / (3.3392857142857144 - (3 + ((2 + (-18.0 / (x + x))) * -2)))) - 5)) - x) * -1) / -3.0) + x) - 0.5)';0.3574905128491413
9;'((-1.5 - ((9 * x) / -13.0)) + 3.0)';0.3605906767165742
9;'(((((0.6666666666666666 * x) + 0.75) + (((-2 / x) * 8.0) + 3)) + 0.75) + (-6 / x))';0.3543813529295627
9;'(((x + (((((2 / (x / 5)) - (-5.0 - x)) + (((-7 - (x / -4)) + 1) - 9)) * -4.0) / (-4 - (4 * x)))) + (x / -5)) - ((9.333333333333334 - x) / -9))';0.357998545078018
9;'((((5 + x) * 0.75) * 0.75) + ((((((x * -1) - -0.2857142857142857) / ((x / 3) / -4)) - (((-9 - x) - 3.0) - ((7 - x) - -7.0))) / -6) / ((1 + x) * 42.0)))';0.36267782272391624
9;'((((2.4 + (-8 / (-7 - ((-5 * (4 / x)) + (8 - (3 * (4 + x))))))) + (x / 21.0)) - (4 / (7 * ((x / 7) + (x - 2))))) + (-8 / (-7.0 * (2 / x))))';0.3566238626611453
9;'(((((x / -1) / -36.0) + (-5 + x)) / -3) + x)';0.35890328157110973
9;'((((x / -2.5) + (x - 2)) + 4) - -0.023809523809523808)';0.3590626106296472
10;'((((16.0 / (x * ((-4 - (((-4 / x) + 3) - x)) / 2))) + (x + 24.0)) + x) + 1)';0.45949079544139526
10;'(((21.0 + (x / -9)) - (-5.0 - x)) + x)';0.469488608835549
10;'((14.25 - ((-5 - x) - (4.0 / (((x - 26.0) + 6) + (5 / (-23.333333333333332 + (-20.0 / ((3 * x) - 4.0)))))))) + (x + 5))';0.470908563935495
10;'(((9 + x) + 8) + (x + 7.0))';0.47181617395284026
10;'((((x + 5.0) + ((x + 9.0) + 7)) + 5.0) - (x / 8))';0.4696854600522092
10;'((7 + ((5 * x) / ((-4.5 + (((x / 6) / -2.382978723404255) + x)) + x))) / ((((7 - x) / (-9 * x)) / 6) + (3 / (-9 * (x / -7.0)))))';0.3751471016310559
10;'(((((x + x) + ((x / 5) / ((2 / (-0.4 * x)) * 16.125))) + 14.0) + 10.0) + ((x / 5) / x))';0.42567489455508295
10;'(((2 * x) + 20.0) + (((5 + (1.125 - (-0.14285714285714285 + x))) / 8) + 5.0))';0.4697590924239242
10;'((12.0 + x) * 2)';0.47181617395284026
10;'((((x + x) + 18.0) + 8) - (((x + 2.0) - x) + ((7.0 - (((4 - x) - 3.0) + ((9 - x) + (x + 4.0)))) / x)))';0.4706047138313805
10;'(((((-2.0 + x) + (-2 * (11.0 / (9 - x)))) + ((6 + x) + 9)) + 9) + 4.0)';0.4644380222087176
10;'((((x - ((5 / (8 - x)) - 2.0)) - -12.0) * 2) - (((x / ((-0.019704433497536946 / ((((-1 / x) - -4) - (-8.0 / x)) - 7.0)) * (-2 + (((x - 0.5555555555555556) * 5.0) + 8.0)))) / (8 - x)) - 2.0))';0.4479179182231536
10;'(((((x + 8.0) + x) - -12.0) + 4.0) + (2 + (x / -8)))';0.4696854600522092
10;'(((((27.0 + x) - -0.04953560371517028) + (((x - (x / 5)) - -4) / -9)) - 1.3333333333333333) + x)';0.46895583210255115
10;'((((x - (-9 - x)) - -5) + 1.0) + (((x + 4.0) / ((4 + (1 / ((5 / ((((x - ((-24.5 + (4 + x)) - x)) / (((-2 * ((-4.0 * (9 * (x / -1))) * x)) / 3) - ((6.0 - (((4 + (x - ((x - (5 / x)) + 0.8888888888888888))) * x) + x)) - -10.6))) * (((((1 - x) * 0.125) - 6.0) - -4) - 8.0)) - x)) / ((4 + x) - -4)))) * (x * -9))) - -9))';0.46879699360750837
10;'((((x - (-6 - (7.0 / (((x / (((x - ((-8 - (x / 9)) * (-7 + (-140.0 / ((8 + (-3 - (-4 * x))) + 12.0))))) * 5) + (((x - 9.0) * ((x * (((9 * (((-2 * x) / (x + 8.0)) / -7)) * -56.0) * ((x * -8) + 2))) + x)) - 476.0))) + (((x + x) - x) - 16.0)) / x)))) * 0.5) - (-2 * (7.0 - ((x * -7) / ((-2 + (-28.0 + x)) + 10.555555555555555))))) + (((x - (-6 - (9 / ((-0.3333333333333333 + (((x + x) - x) - 16.0)) / x)))) * 0.5) - (-2 * (7.0 - ((x * -7) / ((-2 + x) + 10.555555555555555))))))';0.4093947636684544
10;'((24.0 + ((x + x) / 2)) + (x + 0.42857142857142855))';0.4714752564863154
10;'(((((x + 5.0) + (x + 1)) + 13.0) + 5.0) - -0.38888888888888895)';0.47143172754727974
10;'((x - (-25.0 - (x / (-82.0 + x)))) + x)';0.46469889384203406
10;'(((((x + 4.0) + (-2 / (((6 - x) + 2.0) + 0.03125))) + 7.0) + 7.0) + (x + 7.0))';0.4693065434068481
10;'((((15.666666666666666 + x) + x) + 9) + (((7 + x) * (((x / -56.0) / 8) / (5 / x))) / 55.0))';0.41667758994890686
10;'((((24.0 + x) + x) + (6 / (x * x))) + (6 / (x * x)))';0.4702280089660806
10;'(((((4.0 + x) - -8.0) + (-5 + (x + 8.0))) + (-1.2857142857142858 / (-5 - (x - 6.0)))) + 9.0)';0.47096268359998383
10;'(((((x + 20.0) + 6) + x) + (9 / ((((x * (((((4 * (x + (((((-8 / (4 + (((x + (x - 9)) + ((x + ((-6 + (4 + x)) / -6.0)) / (x * ((486.0 * ((x / -9) - (x - 9.0))) - 6.0)))) / (((4 / (9.0 + (x + 1.0))) + 6.0) / 3)))) * -5) - 1.0) / (4.0 * (7.0 * (((x + 4) + x) - ((9.0 / (((x + x) + (-2.0 * ((((x - 9) - x) / x) - ((9 / x) - 9.0)))) - 0.07060420909708079)) - -5))))) * (7 * (x * (-1 + (-1 / x))))))) * (x - 4.0)) * ((1.1428571428571428 * x) / (((x / -9) + 5) + x))) / (x / ((((2 * (-7 * x)) / -9) / 1.5) + x))) / x)) + (((6.0 + (12.0 / (-8 * x))) * (x + 5)) * -1)) - (x - 8)) / -4))) + ((5 - (x / -1.3333333333333333)) / -10.0))';0.43970397090533386
10;'(((((-4 * ((-2 / (x - 1.0)) / x)) + (10.0 + (x - 8.0))) + (-5.0 + (6 + x))) + 9) + 12.0)';0.46994494721511654
10;'(((((((((5 - (x / ((9 / (x - (((((((x * -5) * ((((-42.0 + ((-8 - x) - 33.0)) * (5 - x)) + 0.5289795918367347) * -2)) / -5) * -0.375) - 1.0) - -4) / -4))) * -3.0))) / 5.0) * (x / (x * -0.16666666666666666))) / x) / (2 - ((((x - 1.0) - -42.0) / 0.875) * -8))) - ((-1 * x) - 21.0)) + 2.0) + 2) + x)';0.45212013326387546
10;'((7.0 + ((x * 2) - (-5 + x))) * 2)';0.47181617395284026
10;'(((((7 + x) + 9) + (((x * (x - ((-6 + (-5 + (-1 * ((x / (104.0 / x)) - x)))) + 4))) - 7) / ((-7.0 * x) + (1 - (((7 + (-7 + (11.5 * (-4 - (-4 / ((x / (-8 * (-3 / (((x / 63.0) + (((-8 + x) - 2.0) - 8)) * (((((x / 5.5) - -2.0) * -6) * ((x + ((x - (4 / (x - (-5 - ((4 / (8 - ((((x + 7.0) - ((6 / (((-5 - x) + 6) - 5.0)) * -9.666666666666666)) + (-2 - (x + x))) - (x * -9)))) / -17.0))))) - x)) - 5)) - (x + x)))))) - 4.0)))))) - (5 - (((-2 / (x + 15.0)) - 40.5) * 8))) / -14.0))))) + 9) + x)';0.44443684854981846
10;'(((3 + x) + 21.28125) + x)';0.4713136553001454
10;'(((33.0 + x) - 8.625) + x)';0.4714164924186171
11;'((x + 126.0) + ((x + (-2 + ((-7.875 * x) / (3.0 + (-6 - (x / 8)))))) * 8))';0.5014698518974865
11;'(((((((6.0 - (-8 - (x - 3))) + 5) - -84.0) * 9) + 2.0) + (14.0 - (x - 18.0))) + 2.0)';0.49835988487480165
11;'(((((((-72.0 - x) * -10.0) + ((56.0 - x) - 9)) + 56.0) - (5 + x)) + 56.0) - -66.0)';0.4983227002805805
11;'((((8 * x) - ((x - 7) + (x / (x * (((((-1 / (x + 6.0)) - -5) + (-1.0 / x)) - 8) / x))))) + 507.0) - -498.0)';0.4980856495461667
11;'((((72.0 + (((26.25 - (16.0 / (7 - (4 - ((2 - (8 + ((x / -7) + 9))) * (((x * (-3 / ((-5 / (x * 11.0)) * 0.3333333333333333))) / ((6.009920634920635 + ((x * 4.0) * (7 + x))) - 7.0)) / -6)))))) - 3) + x)) * 8) + x) + 7.0)';0.49804400509689656
11;'((((9 * x) - -48.0) + 648.0) + 75.0)';0.49975179421280125
11;'((((2 * (10.0 + (x - (x / 2)))) + ((9 / (((x - (x - 3)) / -5) * -8.0)) * 36.0)) * 9) - -1.6363636363636365)';0.499593714748403
11;'((((((x + 76.0) * 9) + 76.0) + (((3 / (-3 / (x + (-6 / x)))) - 5.0) - -9.0)) + 76.0) + 76.0)';0.49854569430787143
11;'((((((((x + 74.01587301587301) * 9) + ((((1 - x) * -1) * -5) / 5)) + 0.16666666666666666) + 74.01587301587301) + 74.01587301587301) + 74.01587301587301) + (x / (((x / 6) - 20.0) + (-46.375 - (((-4 / (x - 6.0)) + 0.5) - ((100.0 / (-5 + x)) / (-1.4285714285714286 * x)))))))';0.4967763559789982
11;'(((((-4 * ((x + 8) / x)) * (((-14.25531914893617 - x) - x) - 61.0)) + (x + 1.6)) + 54.0) - 1.0)';0.5029726932055116
11;'(((((9 * (x + 4)) + 356.0) + (0.75 + (163.0 - x))) + 356.0) + 30.0)';0.4983064320206087
11;'(((((x + (((6 * ((2 / (((2 - x) + (((x / (x - (-1 + x))) * -3) + 4)) * ((((-6 * (x - 6.0)) / -3) * 6) + (-7.0 + (4 * (x / ((x / (-8 / (6 + x))) - 6.0))))))) - (x + 6.0))) / x) * -7)) * 2) - -8.116666666666667) * 5) + 60.0)';0.502323445049414
11;'((((((4 + (x + 11.0)) * 9) + x) - (-3 / x)) + x) + 11.0)';0.5052779199435853
11;'((((((((x + 63.0) / 0.10869565217391304) + 63.0) + 63.0) - (x + 8)) + 63.0) + 63.0) + 63.0)';0.4987907235787077
11;'(((9.0 * (47.0 + x)) - -202.5) - -202.5)';0.4995921778360141
11;'((((((5.0 * ((x - 2) + x)) + (16.0 / (-5 * (x + ((((((((-7 * (x - (-4 - x))) + 12.0) - -1.125) + x) / -2) + x) + ((3 / x) * -6.0)) - 6))))) + x) + 5) + 24.0) - ((3 / (-16.0 + (((x - 9.0) * 7) / 0.25))) + (((((((18.0 * ((-4 * (((x - 1.0) / (((-6 + ((x + (x + 70.0)) * -2)) - x) - (x * ((((x + (-0.6111111111111112 + (6.0 / (x - (((x / 3) - (-1 / x)) - -7))))) + (((-9 / (2 - (((2 / x) + (5 + x)) * -411.0))) + ((x + 4) - 2)) + (5 + (1 - (-6 - ((-0.4 / (-3 / (15.0 * x))) + 24.0)))))) - 7.0476190476190474) - 5.0)))) - (5 + (-14.0 + x)))) * 0.2)) + x) / (6 - (8 - (-7.0 + x)))) / -5) + (-3 * (1 - ((x / -2) / ((5 + (x * 3)) - 5.0))))) * (21.0 / (x / (x - ((((x - ((2 / (((x * x) + ((11.0 + (1 - x)) * -3.5)) / (((((x / 0.7777777777777778) - -7) + x) * 6) / (x - (-8 - x))))) / -9)) - x) / x) * -7))))) + 9)))';0.505257060723103
11;'((((((x - ((1.125 - (x * -10.0)) / (-0.1111111111111111 * x))) * 9) - 2.0) - x) - ((1.125 - (x * -10.0)) / (-0.1111111111111111 * x))) + (6 / x))';0.49871110902751553
11;'((((x + 82.66666666666667) * 9) * (1 - (x / ((6 - x) * (6 - x))))) + 82.66666666666667)';0.4995803649456776
11;'(((((((((((x + 65.0) - -4.0) * 9.0) + 65.0) + 65.0) - x) + 54.0) + 65.0) + (((-0.044444444444444446 - x) / (x * ((x / 9) - 3.0))) - -5)) - -4.0) + 65.0)';0.4983028540895964
11;'((((((2 + (x + (6 / x))) * 9) + ((0.0 - ((4 / ((x + (((x / (-0.5 + x)) / -1) * -0.4444444444444444)) + 8.0)) + 6.0)) / 64.0)) + (8 * ((x + (((x + (-8.166666666666668 + ((((2 * (2 + (1 - (-8 * ((-9 - x) + 6))))) / (x + 5)) + 3) * -5))) + 5) * (1.0 + ((9 / (-1 + x)) * 5)))) / (176.0 - ((x + ((-2 - x) + x)) + 7))))) * (1.0 + ((9 / (-1 + x)) * 5))) + (x + 14.0))';0.47335228165948456
11;'(((8 - (-4 / (1 - (((2 - (x - (x + 4.0))) * x) / (-5 + (((-3 - x) - -1) + 9)))))) * (-4 + (63.0 - ((((-20.0 + ((x - ((x / (((7 + (-1.0 + x)) + ((6 + ((-4.0 / (x / (0.1111111111111111 - (((((2 / (x / 6.0)) - 6.0) * (4 + x)) * x) - 18.0)))) / -9)) / -4)) * 4)) - -341.0)) + 7)) / 6.0) - -1) - x)))) + 8.0)';0.4981039875718118
11;'(((9 * x) * (8 / ((x + 7) - 6.0))) * (8.0 + ((((7 / ((-14.0 / ((((x * -11.0) - 2.0) - 0.25) / 5)) - 7)) - 6) - x) / -9)))';0.5014536902577136
11;'(((163.66666666666666 + (x + (9 + ((x - 5) - -2)))) * 4) + x)';0.5006101385960704
11;'((((((x + x) * 6) - x) + (((x - (((((3 * ((-7 + (((x + 5) * x) * -1)) - ((x * ((7 - ((2 * ((x + x) / -3)) - 12.0)) / 30.0)) + 0.7777777777777778))) / -10.0) + (2 / (((((150.0 / (x + 2)) * -7) + (5 + ((-46.0 + (-4 / (9 * x))) + ((-6 / x) + ((-7 - ((x + (4 * (4 - x))) - 9)) * -4))))) / (-2 * x)) - (x / (x - 4.0))))) / 12.0) * (((((6 / ((-4.0 + (5 + ((1.2 * x) / -4.5))) * x)) - 3) + ((9 + (-9 * ((x / 6) + x))) - -5)) * ((-40.0 + (8 - x)) / x)) / ((((-9 * x) * 5) / x) - (-1 / ((-4 / x) / (((2 / (x / (x - (x + ((x + 3) - -336.5))))) - -3) * -4.0))))))) / x) + ((1 / x) * ((-3 / (-2.0 + x)) - (-2 - x))))) - (x * (((10.0 * (-8 * x)) / (-2.625 / (-7.0 / x))) / x))) - x)';0.4851766012194045
11;'(((-7 / (-5 / ((1 / (((((x + (-3.0 - ((-8 / (-3.5 - (-1 + ((((((-12.0 * x) + 8) + ((9 * x) / (x - 9))) * -18.0) * x) * (((8 / x) + 9) / ((-7 / ((((x + x) + x) * 8.4) / 5)) + ((3 / x) * 8))))))) + ((x - (4 + (((-3 + x) - (9 + x)) + x))) + ((-8 * (99.0 - (x + x))) / -5))))) / 9.0) / x) + 2) * (x + 5.0))) + 4))) + ((x / -1) - -1.8)) - ((-11.0 * (((5 - (-6 - x)) - 6) + 13.0)) - 23.0))';0.5046539187631501
11;'(((((((6 + (3.0 + (((((((((-5 - ((-4 + x) + (-9 - x))) * (8 / x)) / 14.0) / (2 - x)) / x) * ((-2.0 / (-2.0 / (x + 0.75))) + x)) * (((0.109375 + (9 - x)) - x) * -6)) / (-9 / (((x / (((((9 + (4 / ((((x / -7) - x) / -3) * 8))) * (49.0 / x)) - (-1 - (-1 / (-2 + ((4 / (-4 * (((x / (((x + x) + 7) - -6)) - x) * ((-0.75 - x) - -7)))) + ((7 / (((((4 * x) * -8) / (x * -336.0)) * ((((9 * x) - ((-13.0 * x) - -3)) / -3) - -2)) + (((-4 / (8 - x)) + (-8 - (-8 / (7 * x)))) + x))) - 0.32142857142857145)))))) + x) / ((x * -5) / -9))) - 7.0) / 0.08333333333333333))) + (x + 6)))) + 9.0) / x) * x) * 9) + 3.0) - 4.0)';0.5000684620800805
11;'((((48.0 - (x * -4)) * 3) - ((-4 / ((48.0 / (1.0 + (-7 + x))) / -12.0)) - 6)) - x)';0.5053269704006691
11;'(((330.75 - (-6 * ((((x - ((x + 6.0) / x)) * -5) / -3) + 18.0))) - x) + 23.0)';0.5027207250194244
11;'((((-7 * (((((-5 / (2 / x)) / (2.6666666666666665 + (x * x))) + 1.0) + x) * -1)) - -4) - (-3 * (((12.0 * (((((x + ((x / 4) / x)) - 5) / ((x - 8) + (x + (((x - 7) / 2.0) - -3)))) + ((48.0 + ((((-1 / (x / -2)) * -3) * -17.0) * 4)) / (x / 1.4))) / (x + (-2 - x)))) * x) / -9))) + 617.2)';0.4999890491456058
11;'((((x + (9 - (x / ((x / (((-10.0 / ((-7 * ((((-1 - ((7 * x) * -9)) * -50.0) * x) - 6)) / x)) + 63.0) * -4)) - ((-4 * (2 * x)) / x))))) + (((x - 8.0) - 2.0) * 6.0)) + 1.0) - (x / ((x / (x * -4)) - (-12.0 / x))))';0.5048489069272183
12;'(((0.6666666666666666 * (((5 / (-5.0 + x)) + 10.0) - x)) / (((-3 / ((9.166666666666666 / (((-6 + x) - 7.0) - 350.0)) * -1.0)) - -5) - x)) + 9)';0.6360804809396332
12;'((((-9 + x) * ((9 / x) / -4)) * -4.5) + (-35.0 / x))';0.6359237897660882
12;'((5.999999999999999 - (((48.0 + (x + (-2 + (((4 - ((4 / x) * -81.0)) * 7) * 8)))) / x) - 4.0)) + 1.0)';0.6356762510752162
12;'(((((-8 - ((6 - (((x + (x + 2.0)) / -121.0) / -9)) * (x - 2.0))) - 17.0) + x) / (((x - 3) - ((((-1 / (((-1 - x) * ((x / 5) / 4)) * ((((6 * (((((-2 - (6 - (-2 * ((((-8 - (x * (5 * ((8.333333333333334 + (1.0 - ((x + x) - 0.2))) + 6)))) * 5) / (x - ((0.20588235294117646 - (-7 / (-3 * ((((x / 8) - -3) - 2.0) - 15.0)))) * ((((5 + x) - -9) - ((-2 / x) - ((-16.0 - x) * -6))) / x)))) - (8 * (x + ((-2 * x) - 3.0))))))) * (-16.0 * ((-3 * x) / -7))) * -4) - 8) - 56.0)) + x) / 2) * x))) / x) - x) - (x / 6))) + (x - 9.0))) - -9)';0.6323789061173992
12;'((((((17.75 / (-18.285714285714285 - ((-4 - (((-4 - (-8 / (x / 2))) / -2.0) - 1)) / -4))) + x) / x) + 9.0) + (-289.0 / x)) + (-289.0 / x))';0.6347693067932021
12;'(((10.0 + (-1 / (x - 7))) + (-2.0 / x)) + ((x + (-4 - x)) * (-7 / ((((((-5 * (2 / (8 + (1 - (-4 / ((-108.0 + (x / -8)) - 126.0)))))) + (-18.0 / (((-4.5 + (-3 - (-16.0 + (9 * x)))) + 9) * 7))) + 1) - x) / (((((4 / (x / 6)) - ((1.0 / x) * (x / 6))) - 1.5) + 5) - 8.0)) / -4))))';0.6349344920551345
12;'(((3.0 / x) + (((6 / (-3 - (-3 - (((-1 + x) - 3.0) / ((4.0 * (-4 * x)) - -11.0))))) / ((1.0 - (6 + x)) / -32.0)) + 10.0)) - ((-4 / x) / x))';0.6327506530140288
12;'((((6 - (-1.0 + (-144.0 + x))) / (x / -1)) + 9) - (108.0 / x))';0.6357369526533448
12;'((((((((((x * 6) / x) + 8) - -9) / x) * -0.2) + 8) + 1.0) + 1.0) - ((4 * ((56.0 - (-3 + (((((2 - ((6 + (x - 1.0)) - -4.0)) - ((x / 3.4285714285714284) / ((((240.0 - ((-7 * x) - 4.0)) / ((-4.0 - ((-3 / (x - 7.0)) * -17.0)) + x)) - 1) * (6 / (7 - (4 * (x - 7.0))))))) + x) - x) / (x - 5.0)))) + 17.0)) / x))';0.634900514169955
12;'((2 - (((((((x * x) - -3) - -0.19047619047619047) * (x + ((-1 / ((-0.2857142857142857 - (((7.0 + (((((x + x) + (((x + 5) / -2) / -7)) / (-1 + (1.6 - x))) - -15.0) + 2)) * 8) - 84.0)) * -8)) + 6))) + ((-1 / (((x / 6) + (-5.111111111111111 / x)) / ((-4 + (5 * (((x / -3) * (3 + (((((0.4444444444444444 / x) - (x / 11.0)) - ((-4 * ((x - 8) * -1)) + (((7 / x) + x) - 17.0))) + (-9 - ((x * x) * (((x / 7) - (7 - x)) - 2.0)))) * -1.0))) + (((15.0 * x) - 4.0) - (-5 * (((x + ((x / -5.0) / -15.3)) * -4) - ((((-1 + (x * 9)) / 5) - (x / ((6 / (x * -6)) / ((7 + x) - ((-8 * x) - 10.0))))) * (1 + ((-3 / (x - (x * (-5 * (7 + ((-8 + x) / -9)))))) - -13.0))))))))) * 5))) * 6.0)) / ((42.0 + (((-9 + (16.0 - ((9 / (((((x - 2.0) * (6 * ((x / (x * ((-3 / (-9 / (6 / x))) - (-4 * (x * (((((5 + (((-1 / (-2 / (((x + (-4 - x)) * -4) - x))) + x) * -9.0)) * x) - 22.0) * -8) / -27.0)))))) - 3.0))) * (9 / (((14.0 / ((-5 / x) / 5)) - (-7 - x)) + x))) + ((x + 3) + 9)) + 3)) - 7.0))) + (x - 3.0)) * (((((x + ((-8 / x) / (x + (((-2 - (-2 * (x + 8))) / x) + (((12.0 + (9 / x)) / (((7 / x) + ((x / ((x * 8) * 6)) * (-5 + x))) / -1)) * (x * x)))))) - -8) - (5 / (0.5 * x))) / -1) / -4))) * (((x - 9.0) - 8.0) - 6))) / x)) + 8.0)';0.6325009326556347
12;'((((x * 8) - (8 - x)) / (147.0 + x)) - ((6.1434643995749205 - x) / (-2 + (4.0 - (-1 - (6.0 + (-7 - ((-5 / x) + (-9 - x)))))))))';0.633124266587977
12;'(0.5 - ((-4.9800796812749E-4 * (0.5 * ((x + 0.6666666666666666) + 46.0))) - 8.0))';0.6308949278082332
12;'(((5 / (x + 6)) * (x - ((((((-2 * (((-5 + ((3 + (8 * (x - 5.0))) + x)) - (((7 - (((((((x / ((6 * (x / (((46.285714285714285 * (7 / ((((((((4 - (((((x - ((-3.0 / (7 - (-7 * x))) / 8)) / (x / 4)) / -2) - ((((-6 / x) - 5) / x) + 3)) * -3)) / x) - (-2 - x)) * (x / (-5 + (-5 - (((-4.0 - ((1 / ((x / (((x / -3) - 2) - (-13.0 / x))) / x)) * (((((-3 + (x + x)) - 6) - 5.0) - -5) - -13.0))) - 7.0) - (2 / (-32.0 / (((9 + ((-1.0 - (-1 - (x - 7))) - 2)) * (-28.0 / ((x + (x / 9.0)) - (0.041666666666666664 - ((1 - x) - 7))))) * ((((-9.75 / (-5 - x)) - 1.0) / (2.5 / (15.0 - (x + 1.0)))) - (9 + (x / 3.5))))))))))) + ((1 + ((8 / ((-6 - (((4.0 - (-6 * (-51.25 - ((6.0 / x) + 5)))) * (((-25.0 / x) / -5) * 6)) + 4)) + (((((6 * ((-35.0 - (-5 / (8 * x))) * 14.0)) + (4 + x)) - 4.0) * x) + ((x / ((-29.0 + ((x - 4) * 3)) - (8 + x))) + (-9 + (((((15.0 * (7 + x)) - 9) * -9) * ((2 * x) - (-2 - (x - 25.0)))) + 8)))))) - x)) * ((-1 * x) / 5))) * -1) / (-1.0 + (((((6 - ((x + 3.0) * -1.5)) - (x * 5)) / (x / 5)) / x) + (-9 * (-6 + (x - (-8 + x))))))) + x))) + ((3.0 - (5 / x)) * 4)) - ((16.0 * (((-4 / x) * -5) + ((((((((4.2 - (((x - ((-9 * ((-8 * x) - -0.5)) - x)) + x) * (-5 + ((-7 * (-24.0 * (1.6 * ((0.3333333333333333 + (x / (x + 6.0))) + ((-6 + (x / -2)) * -8))))) * (((((-2 - (-3 * (x + 1.0))) * x) * -4) / (2 + x)) * x))))) - 1.0) - (((((((5 * ((-2 - (-9 + ((8 - x) - -5))) - 3.0)) * -24.0) * (((6 / ((-504.0 + (-8 + (x + 2))) * -2)) * (-9.0 + x)) + 4)) * x) / 7) / (((-5 + (8 / (x - ((2 + x) - (((x - 8.0) / -72.0) + x))))) + (-4 / (((((-7 - ((x - 8) / (x + 5))) - x) / (((16.0 + x) / 33.0) - -16.0)) / 2) + ((8 - (x / -3)) * -7)))) + 7)) + ((7 + x) - 0.3333333333333333))) + (1 + (x + 4.0))) * (x + ((((-6 + x) / -10.0) - 6.0) / -9.0))) + (2.6666666666666665 + ((-5 + (-8 / (-18.0 / (x + (4 * ((x + (-2 + (-6 + ((x / -2) - 6)))) / (4.0 + (x - (-54.0 + x))))))))) / -1))) + (-2 / (6 / (((-2 + x) * (9 * (((3 / x) / x) / (-9 * (-6 / ((x + 2) + (-5.0 * x))))))) - (x * x))))) - 2.0))) / x)))) - -1.0)) - -8) / x) - 4.0) / (x * 576.0)) + 7) / (-1.0 - (-4 + (((7 + (x - (4 - x))) + 3) - -5))))) - -3) + 6)) * -1)) - (6 + (x - ((9 * x) - -8)))) + (((((x * -9) * -8) + x) / 2) - 3)) - 9) * 6) / ((((-8 * (7.0 / (((8 * ((-8 - (((x * (-6 / x)) - 9) * 4)) - 2.0)) / (-4 / ((((((-1 * x) + (x - 5.0)) * x) / 0.7142857142857143) * -7) - -7))) / 5))) + ((-2 - x) / (x * x))) - x) / -2.0)))) + 5)';0.6326223029944199
12;'(((2 - x) + (8 + x)) + ((-8 / (((-9 - x) + ((-10.0 / ((x - 4.0) - 16.0)) - (((x + x) + (x * ((x / 5) - 2.0))) * 2.0))) / 2)) / (-7 / (x - (((-3 - (((x + 4.0) - ((7 / x) + (-2 - ((5 + x) + (x / 4))))) / (-7 * ((((x / -36.0) / -5) * 9) / -5)))) * (-19.285714285714285 * ((((x * x) - 6.0) * -8.0) / ((8 * ((7.0 + (4 + x)) * 4)) * 2.0)))) * 9)))))';0.6325981389219025
12;'((((5 * x) / 20160.0) - -7) - -1)';0.6312541615403113
12;'(((6 * (-8 * (-9 / (14.4 - (-2.125 + (x + 5)))))) + 5.0) + 5.0)';0.6352061110057247
12;'((-5.0 * (x - 2.3333333333333335)) * (-2.0 / (x + 3.0)))';0.636359285934794
12;'((13.0 / ((-1 + (((x / 5.0) / ((5 * ((-2 / x) * (2.25 + (-2 - (x * x))))) * -5)) * (-8 + x))) - 9)) + 9.833333333333334)';0.6360224442937211
12;'((((-63.0 + x) / x) + 9.0) - (((((((((x + 1) - 5) - 1.0) / ((x * (x + 1.0)) / -1)) * (9 + (15.0 * (1 - x)))) - -2) / 8.321775312066575E-4) / x) - 5.0))';0.6100964481408409
12;'((((-8 / (2 / (6 / (x + (7 * (((((x + 3) + ((((x / (6 - (x + (7 * (5 / (x - 2)))))) - -4) * ((((((7 * x) * -6) + x) + 3) - -7) * -2.0)) - (x * 0.8571428571428571))) / x) * -9) + x)))))) + 1.0) + 7) + 2.0)';0.6360310028393035
12;'(((4 / (-2 / (-5 * (-7 / ((x / -4) / -9))))) + 3) + 7)';0.6328533202226704
12;'(((-15.0 / (-7.75 + ((-3 / (6.0 * (8 / x))) - (((((x + 2) / -2) / -7) - 6.0) * ((8 / (x * -6)) - 4.0))))) * (((((x - (-6.222222222222222 / (9 * (x * ((x / -2) * (x - 6.0)))))) - (7 / (-4 * (7 - (8 + ((x - (((x / (x - (x - 6.0))) * 3) - 5.0)) - 6)))))) / -3.0) / (x / -2)) + 64.0)) - -10.041666666666666)';0.6318580975734669
12;'(((1.0 + x) + (9 - x)) + (((-3 / ((x * ((-9 + x) / x)) * (11.0 / (((x / -7) + (((x / 6) - -6) + (((((((6 * ((x + 8.0) - 7)) / 0.6666666666666666) * 5) - (((((x + x) * 6.0) / 4) / 5.0) - 6)) + ((1.3333333333333333 / (4 + (-4 - ((((8 + (((2 / ((x - 0.5) + ((1.6 / (x / -5)) - (((((1.125 * (((32.0 + ((8 + ((x + 21.0) + x)) - (-5 - (2 * x)))) / ((-5 + (2 - x)) - x)) / (4 * ((x / -8) + x)))) / ((-9 + (-0.171875 * x)) / x)) / 7) / 8) / x)))) * (x * 7)) / (-2 / x))) - 4) - (x / -48.0)) + ((1 / ((x * 3) * (((7 / (x * ((-4 + (x * ((4 + (x * (-5 * x))) - 3.0))) - 8))) + 7) / ((((((((3 * x) * 6) - 6) * -13.0) / ((-3 - x) - -9)) - 1) * 3) + x)))) * ((-0.6666666666666666 / (5 - (((x - 2) / ((2.3333333333333335 * ((x + ((((x * (8.0 + (x + 7))) - 6.0) * ((((-5 * x) * 7) / (4 - (x * 4))) / 4)) * (8.125 - ((x - (x / 1.5)) + ((-6 / (7 + x)) * (x / (x + 8))))))) + x)) - 6.0)) - x))) * -4)))))) / -7)) / ((x / (37.0 * ((6 * ((-9 - x) - -9)) * 5))) / -5)) / -5))) + 2)))) * x) / (((3 + ((7 - ((-4 / (x - 4)) + ((x + (2 - x)) * ((x + 6) - -14.0)))) / (((((4 / x) - 2) - -7) - ((x * (4 - ((x - 7.0) - 7.0))) + 6.0)) - -2))) * ((-3.0 + (-4.0 - (2.7777777777777777 * (((x * -6) - -6) * (-6 + (3 - x)))))) * 4)) - 7)))';0.6363161850327459
12;'((((((9 + x) / ((((x - 7.0) / -72.0) / -8) + 3.0)) - (-1 - (x / ((((7 / (-1 * x)) * 9) * ((1.0 + (((3 - ((((-36.2 + ((-4 / x) - 8.0)) * x) * -7) - 4.0)) / -6) * 6)) - 4)) + x)))) * 0.013888888888888888) + 6.0) - (x / (((-6 / ((2.0 - (-3 - x)) / -1.6)) * x) + x)))';0.6220139274834998
12;'(9 + (1 + ((((x * (((x + x) * (((((-0.25 * x) * 9) * 0.125) / (7 + (((((((x * (2 + x)) / ((-4 / x) * x)) * -6) * 2) - ((x / (-173.0 + x)) / x)) / (-2 - (2 / (((x + (-9 - (9 + (-9 - x)))) + x) * (1 - ((-2 * (7 + x)) / (-6 - (x * -2.0)))))))) * 11.0))) - 2)) + 4.5)) - 1) - (((((-8 / (-4 / x)) / (x - (x + 5))) - ((x / 3.0) - 15.0)) * ((16.0 / (((((-1.1666666666666667 / ((-7 - ((8.0 / x) / (((x * 2.0) + (-8 / (((23.0 * (x + 9.0)) - 7.0) / (0.8181818181818182 * (-9 / x))))) * 2))) + (1 / ((2.0 / ((((-2 - x) - x) - (x - 0.2658788774002954)) / -6)) * x)))) * x) + 7) * 12.0) - 12.0)) + ((x * -4) * 192.0))) + 8)) / (1.5714285714285714 - (x / ((-7 / x) / x))))))';0.6325989313595628
12;'(((2.0 - ((9 * ((-8 - (2 / (2 + (2 / ((-7 / x) - x))))) / -0.125)) / x)) - -8) - (x / (((-7 * ((x + 81.0) + (x - 7.0))) + x) + 1.0)))';0.6340861464815433
12;'(((-189.0 / x) + 10.0) + 0.1111111111111111)';0.6354670687146713
12;'((10.0 + (3 / ((-5 * x) / 54.0))) + (3 / ((x / (5 + (3.6 - (((-6 * x) - x) / x)))) / -72.0)))';0.6326862820918684
12;'((((-1808.0 / (-12.0 * (((x - 1) - (2.2857142857142856 + (((8 + (-6 / x)) * (6 / (x * x))) / x))) / -18.0))) + 5) + 5) + (((2.0 / x) / 1.125) / x))';0.6328147168949588
12;'(((-1 * x) / (-18.0 - ((((((x * ((x + 2.0) * (((x * (x / -3)) - x) / -54.0))) / 3.0) * x) * -42.0) / ((-2 * ((1.0 - (-6 - x)) + ((-1 * (x * x)) * (-9 - (7 / x))))) * (((x + 9.0) + 4) * -8))) + x))) + 9.0)';0.6213454846589188
